0,0
1,0
2,0
3,0
4,0
5,0
6,0
7,0
8,0
9,0
10,0
11,0
12,0
13,0
14,0
15,0
16,0
17,0
18,0
19,0
20,0
21,0
22,0
23,0
24,1.0
25,0
26,1.0
27,0
28,0
29,0
30,0
31,1.0
32,0
33,0
34,1.0
35,0
36,0
37,0
38,0
39,0
40,0
41,0
42,0
43,0
44,1.0
45,0
46,0
47,0
48,0
49,1.0
50,0
51,0
52,0
53,1.0
54,1.0
55,0
56,0
57,0
58,1.0
59,0
60,0
61,1.0
62,0
63,0
64,1.0
65,0
66,0
67,0
68,0
69,2.0
70,0
71,1.0
72,0
73,1.0
74,0
75,1.0
76,0
77,0
78,0
79,1.0
80,0
81,1.0
82,0
83,0
84,0
85,0
86,0
87,1.0
88,0
89,0
90,0
91,1.0
92,1.0
93,0
94,0
95,1.0
96,0
97,1.0
98,0
99,0
100,0
101,0
102,1.0
103,1.0
104,1.0
105,0
106,0
107,0
108,0
109,0
110,1.0
111,0
112,1.0
113,0
114,1.0
115,0
116,0
117,0
118,0
119,0
120,0
121,1.0
122,0
123,1.0
124,0
125,0
126,0
127,1.0
128,0
129,0
130,1.0
131,0
132,0
133,0
134,0
135,0
136,1.0
137,0
138,0
139,1.0
140,0
141,0
142,0
143,0
144,0
145,0
146,0
147,1.0
148,0
149,0
150,0
151,1.0
152,0
153,0
154,1.0
155,0
156,0
157,0
158,0
159,0
160,0
161,0
162,1.0
163,1.0
164,0
165,1.0
166,1.0
167,0
168,0
169,1.0
170,0
171,1.0
172,0
173,0
174,0
175,0
176,0
177,2.0
178,0
179,1.0
180,1.0
181,1.0
182,0
183,0
184,0
185,1.0
186,0
187,1.0
188,1.0
189,0
190,1.0
191,0
192,2.0
193,0
194,0
195,0
196,0
197,0
198,0
199,1.0
200,0
201,1.0
202,0
203,0
204,0
205,1.0
206,1.0
207,1.0
208,0
209,0
210,1.0
211,0
212,0
213,0
214,0
215,0
216,0
217,0
218,0
219,1.0
220,1.0
221,0
222,0
223,0
224,0
225,1.0
226,0
227,0
228,1.0
229,1.0
230,2.0
231,0
232,0
233,1.0
234,0
235,0
236,0
237,0
238,0
239,0
240,0
241,0
242,0
243,0
244,0
245,1.0
246,1.0
247,0
248,0
249,1.0
250,0
251,1.0
252,0
253,0
254,0
255,0
256,0
257,1.0
258,2.0
259,0
260,0
261,0
262,0
263,0
264,1.0
265,0
266,0
267,1.0
268,0
269,1.0
270,0
271,1.0
272,2.0
273,1.0
274,0
275,1.0
276,1.0
277,0
278,0
279,0
280,0
281,0
282,0
283,0
284,0
285,0
286,0
287,1.0
288,1.0
289,0
290,0
291,0
292,1.0
293,0
294,1.0
295,0
296,1.0
297,0
298,0
299,1.0
300,1.0
301,0
302,0
303,0
304,1.0
305,0
306,0
307,0
308,0
309,1.0
310,1.0
311,0
312,1.0
313,0
314,1.0
315,2.0
316,0
317,0
318,2.0
319,0
320,0
321,0
322,0
323,0
324,1.0
325,0
326,1.0
327,1.0
328,2.0
329,0
330,0
331,0
332,0
333,0
334,0
335,0
336,1.0
337,1.0
338,0
339,0
340,0
341,1.0
342,0
343,0
344,1.0
345,0
346,1.0
347,1.0
348,2.0
349,1.0
350,0
351,1.0
352,1.0
353,1.0
354,0
355,0
356,0
357,0
358,0
359,1.0
360,0
361,1.0
362,1.0
363,0
364,0
365,1.0
366,0
367,0
368,0
369,0
370,0
371,0
372,0
373,0
374,1.0
375,2.0
376,1.0
377,0
378,1.0
379,1.0
380,0
381,0
382,1.0
383,0
384,1.0
385,1.0
386,1.0
387,2.0
388,0
389,0
390,1.0
391,0
392,0
393,0
394,0
395,0
396,1.0
397,0
398,1.0
399,1.0
400,1.0
401,0
402,2.0
403,5.0
404,2.0
405,1.0
406,1.0
407,0
408,0
409,0
410,2.0
411,1.0
412,1.0
413,1.0
414,1.0
415,1.0
416,1.0
417,1.0
418,2.0
419,4.0
420,1.0
421,1.0
422,2.0
423,1.0
424,2.0
425,1.0
426,0
427,2.0
428,1.0
429,0
430,2.0
431,1.0
432,3.0
433,1.0
434,1.0
435,0
436,1.0
437,2.0
438,0
439,0
440,0
441,0
442,1.0
443,1.0
444,0
445,1.0
446,2.0
447,1.0
448,0
449,1.0
450,2.0
451,1.0
452,2.0
453,1.0
454,0
455,1.0
456,2.0
457,1.0
458,2.0
459,1.0
460,1.0
461,2.0
462,3.0
463,1.0
464,0
465,1.0
466,2.0
467,1.0
468,2.0
469,3.0
470,3.0
471,6.0
472,2.0
473,2.0
474,1.0
475,0
476,0
477,1.0
478,2.0
479,1.0
480,0
481,1.0
482,2.0
483,4.0
484,2.0
485,2.0
486,1.0
487,0
488,1.0
489,2.0
490,2.0
491,1.0
492,1.0
493,0
494,0
495,1.0
496,1.0
497,1.0
498,0
499,0
500,0
501,1.0
502,0
503,0
504,1.0
505,2.0
506,5.0
507,2.0
508,1.0
509,1.0
510,3.0
511,1.0
512,0
513,2.0
514,2.0
515,2.0
516,1.0
517,2.0
518,0
519,2.0
520,0
521,2.0
522,1.0
523,2.0
524,1.0
525,0
526,1.0
527,1.0
528,1.0
529,2.0
530,1.0
531,0
532,1.0
533,1.0
534,1.0
535,1.0
536,1.0
537,5.0
538,5.0
539,2.0
540,0
541,2.0
542,3.0
543,1.0
544,1.0
545,1.0
546,0
547,2.0
548,3.0
549,1.0
550,1.0
551,2.0
552,1.0
553,2.0
554,2.0
555,1.0
556,3.0
557,0
558,2.0
559,3.0
560,1.0
561,1.0
562,3.0
563,0
564,1.0
565,1.0
566,0
567,2.0
568,1.0
569,1.0
570,2.0
571,2.0
572,2.0
573,1.0
574,1.0
575,1.0
576,3.0
577,4.0
578,1.0
579,2.0
580,2.0
581,2.0
582,2.0
583,2.0
584,1.0
585,2.0
586,0
587,0
588,3.0
589,2.0
590,3.0
591,0
592,0
593,2.0
594,1.0
595,1.0
596,3.0
597,1.0
598,2.0
599,1.0
600,2.0
601,1.0
602,0
603,0
604,0
605,4.0
606,3.0
607,4.0
608,1.0
609,1.0
610,0
611,2.0
612,0
613,3.0
614,0
615,0
616,1.0
617,0
618,1.0
619,2.0
620,2.0
621,2.0
622,1.0
623,0
624,2.0
625,6.0
626,2.0
627,2.0
628,1.0
629,4.0
630,0
631,2.0
632,2.0
633,1.0
634,1.0
635,2.0
636,4.0
637,2.0
638,1.0
639,2.0
640,1.0
641,1.0
642,1.0
643,1.0
644,4.0
645,1.0
646,2.0
647,5.0
648,3.0
649,3.0
650,1.0
651,1.0
652,2.0
653,1.0
654,3.0
655,1.0
656,3.0
657,0
658,0
659,3.0
660,1.0
661,0
662,2.0
663,3.0
664,0
665,1.0
666,2.0
667,5.0
668,3.0
669,3.0
670,1.0
671,2.0
672,2.0
673,5.0
674,1.0
675,2.0
676,2.0
677,2.0
678,2.0
679,3.0
680,1.0
681,1.0
682,3.0
683,1.0
684,1.0
685,4.0
686,3.0
687,0
688,3.0
689,1.0
690,1.0
691,0
692,0
693,1.0
694,2.0
695,1.0
696,1.0
697,5.0
698,5.0
699,5.0
700,2.0
701,1.0
702,0
703,1.0
704,4.0
705,1.0
706,5.0
707,6.0
708,0
709,3.0
710,1.0
711,2.0
712,3.0
713,0
714,1.0
715,0
716,0
717,4.0
718,5.0
719,3.0
720,3.0
721,3.0
722,1.0
723,0
724,2.0
725,2.0
726,3.0
727,2.0
728,1.0
729,2.0
730,3.0
731,2.0
732,3.0
733,4.0
734,1.0
735,2.0
736,1.0
737,2.0
738,2.0
739,1.0
740,2.0
741,0
742,2.0
743,1.0
744,2.0
745,4.0
746,1.0
747,2.0
748,1.0
749,1.0
750,2.0
751,0
752,3.0
753,1.0
754,2.0
755,0
756,0
757,2.0
758,2.0
759,2.0
760,1.0
761,2.0
762,2.0
763,1.0
764,4.0
765,3.0
766,2.0
767,3.0
768,0
769,6.0
770,1.0
771,3.0
772,8.0
773,4.0
774,4.0
775,5.0
776,1.0
777,6.0
778,1.0
779,1.0
780,4.0
781,2.0
782,2.0
783,1.0
784,2.0
785,6.0
786,3.0
787,5.0
788,3.0
789,4.0
790,0
791,7.0
792,3.0
793,1.0
794,2.0
795,1.0
796,2.0
797,1.0
798,0
799,3.0
800,3.0
801,4.0
802,3.0
803,1.0
804,1.0
805,5.0
806,5.0
807,4.0
808,1.0
809,3.0
810,2.0
811,3.0
812,1.0
813,2.0
814,1.0
815,4.0
816,3.0
817,3.0
818,4.0
819,7.0
820,1.0
821,0
822,1.0
823,2.0
824,4.0
825,2.0
826,1.0
827,1.0
828,3.0
829,1.0
830,4.0
831,3.0
832,3.0
833,1.0
834,3.0
835,7.0
836,2.0
837,7.0
838,1.0
839,2.0
840,1.0
841,1.0
842,1.0
843,7.0
844,1.0
845,5.0
846,3.0
847,3.0
848,3.0
849,2.0
850,4.0
851,1.0
852,3.0
853,1.0
854,1.0
855,1.0
856,0
857,2.0
858,1.0
859,1.0
860,1.0
861,0
862,3.0
863,2.0
864,2.0
865,3.0
866,0
867,6.0
868,1.0
869,3.0
870,2.0
871,1.0
872,2.0
873,3.0
874,4.0
875,0
876,4.0
877,2.0
878,1.0
879,2.0
880,2.0
881,4.0
882,3.0
883,1.0
884,2.0
885,1.0
886,5.0
887,1.0
888,4.0
889,3.0
890,1.0
891,2.0
892,3.0
893,4.0
894,3.0
895,0
896,2.0
897,1.0
898,1.0
899,2.0
900,5.0
901,1.0
902,1.0
903,3.0
904,3.0
905,1.0
906,7.0
907,1.0
908,4.0
909,1.0
910,1.0
911,1.0
912,4.0
913,1.0
914,3.0
915,5.0
916,2.0
917,11.0
918,1.0
919,1.0
920,4.0
921,3.0
922,1.0
923,2.0
924,4.0
925,2.0
926,2.0
927,1.0
928,1.0
929,1.0
930,6.0
931,2.0
932,3.0
933,1.0
934,3.0
935,0
936,3.0
937,4.0
938,2.0
939,1.0
940,2.0
941,1.0
942,5.0
943,3.0
944,1.0
945,6.0
946,2.0
947,3.0
948,1.0
949,1.0
950,1.0
951,3.0
952,3.0
953,2.0
954,2.0
955,1.0
956,0
957,4.0
958,2.0
959,2.0
960,3.0
961,3.0
962,1.0
963,0
964,2.0
965,4.0
966,3.0
967,1.0
968,0
969,2.0
970,2.0
971,2.0
972,5.0
973,1.0
974,8.0
975,2.0
976,2.0
977,1.0
978,4.0
979,0
980,2.0
981,1.0
982,1.0
983,7.0
984,1.0
985,4.0
986,1.0
987,1.0
988,2.0
989,1.0
990,7.0
991,6.0
992,1.0
993,3.0
994,1.0
995,9.0
996,3.0
997,4.0
998,4.0
999,2.0
1000,2.0
1001,0
1002,1.0
1003,0
1004,2.0
1005,3.0
1006,1.0
1007,0
1008,1.0
1009,5.0
1010,3.0
1011,2.0
1012,2.0
1013,2.0
1014,5.0
1015,2.0
1016,0
1017,4.0
1018,6.0
1019,2.0
1020,0
1021,0
1022,0
1023,1.0
1024,4.0
1025,1.0
1026,1.0
1027,6.0
1028,1.0
1029,3.0
1030,7.0
1031,1.0
1032,2.0
1033,3.0
1034,2.0
1035,3.0
1036,3.0
1037,2.0
1038,1.0
1039,3.0
1040,6.0
1041,1.0
1042,0
1043,6.0
1044,1.0
1045,3.0
1046,1.0
1047,1.0
1048,4.0
1049,0
1050,1.0
1051,4.0
1052,5.0
1053,3.0
1054,1.0
1055,3.0
1056,4.0
1057,2.0
1058,2.0
1059,0
1060,4.0
1061,1.0
1062,3.0
1063,1.0
1064,5.0
1065,1.0
1066,2.0
1067,3.0
1068,2.0
1069,12.0
1070,2.0
1071,9.0
1072,8.0
1073,2.0
1074,3.0
1075,2.0
1076,4.0
1077,4.0
1078,3.0
1079,2.0
1080,1.0
1081,0
1082,2.0
1083,3.0
1084,0
1085,11.0
1086,0
1087,1.0
1088,1.0
1089,2.0
1090,5.0
1091,1.0
1092,1.0
1093,3.0
1094,0
1095,1.0
1096,4.0
1097,0
1098,1.0
1099,3.0
1100,3.0
1101,15.0
1102,7.0
1103,3.0
1104,3.0
1105,3.0
1106,1.0
1107,1.0
1108,2.0
1109,0
1110,0
1111,0
1112,1.0
1113,1.0
1114,1.0
1115,2.0
1116,1.0
1117,0
1118,2.0
1119,1.0
1120,2.0
1121,6.0
1122,2.0
1123,1.0
1124,4.0
1125,2.0
1126,2.0
1127,2.0
1128,2.0
1129,0
1130,9.0
1131,3.0
1132,5.0
1133,13.0
1134,3.0
1135,1.0
1136,1.0
1137,5.0
1138,4.0
1139,4.0
1140,0
1141,2.0
1142,2.0
1143,2.0
1144,4.0
1145,3.0
1146,7.0
1147,3.0
1148,4.0
1149,1.0
1150,3.0
1151,3.0
1152,0
1153,7.0
1154,3.0
1155,1.0
1156,5.0
1157,3.0
1158,3.0
1159,3.0
1160,8.0
1161,1.0
1162,1.0
1163,3.0
1164,3.0
1165,3.0
1166,4.0
1167,1.0
1168,0
1169,1.0
1170,1.0
1171,2.0
1172,4.0
1173,1.0
1174,6.0
1175,1.0
1176,2.0
1177,5.0
1178,1.0
1179,1.0
1180,1.0
1181,1.0
1182,4.0
1183,9.0
1184,3.0
1185,0
1186,1.0
1187,6.0
1188,2.0
1189,3.0
1190,2.0
1191,1.0
1192,1.0
1193,2.0
1194,2.0
1195,0
1196,3.0
1197,4.0
1198,10.0
1199,2.0
1200,1.0
1201,2.0
1202,3.0
1203,0
1204,1.0
1205,1.0
1206,6.0
1207,6.0
1208,1.0
1209,2.0
1210,8.0
1211,4.0
1212,5.0
1213,3.0
1214,2.0
1215,3.0
1216,4.0
1217,1.0
1218,1.0
1219,7.0
1220,4.0
1221,1.0
1222,2.0
1223,5.0
1224,2.0
1225,2.0
1226,1.0
1227,1.0
1228,5.0
1229,3.0
1230,3.0
1231,5.0
1232,8.0
1233,10.0
1234,1.0
1235,6.0
1236,2.0
1237,1.0
1238,1.0
1239,3.0
1240,0
1241,4.0
1242,2.0
1243,0
1244,1.0
1245,1.0
1246,1.0
1247,0
1248,6.0
1249,1.0
1250,1.0
1251,1.0
1252,2.0
1253,7.0
1254,1.0
1255,2.0
1256,9.0
1257,0
1258,4.0
1259,5.0
1260,5.0
1261,4.0
1262,5.0
1263,4.0
1264,1.0
1265,3.0
1266,1.0
1267,2.0
1268,2.0
1269,1.0
1270,1.0
1271,4.0
1272,7.0
1273,3.0
1274,0
1275,1.0
1276,1.0
1277,1.0
1278,6.0
1279,6.0
1280,1.0
1281,4.0
1282,6.0
1283,6.0
1284,0
1285,0
1286,0
1287,0
1288,0
1289,5.0
1290,1.0
1291,2.0
1292,1.0
1293,0
1294,2.0
1295,10.0
1296,2.0
1297,2.0
1298,3.0
1299,9.0
1300,1.0
1301,1.0
1302,1.0
1303,1.0
1304,1.0
1305,3.0
1306,1.0
1307,2.0
1308,7.0
1309,1.0
1310,6.0
1311,0
1312,2.0
1313,0
1314,1.0
1315,2.0
1316,2.0
1317,3.0
1318,2.0
1319,8.0
1320,3.0
1321,1.0
1322,1.0
1323,4.0
1324,1.0
1325,1.0
1326,7.0
1327,1.0
1328,6.0
1329,1.0
1330,0
1331,3.0
1332,1.0
1333,1.0
1334,2.0
1335,0
1336,2.0
1337,0
1338,5.0
1339,4.0
1340,1.0
1341,3.0
1342,0
1343,1.0
1344,2.0
1345,1.0
1346,1.0
1347,1.0
1348,5.0
1349,1.0
1350,0
1351,2.0
1352,4.0
1353,3.0
1354,3.0
1355,0
1356,3.0
1357,2.0
1358,0
1359,4.0
1360,0
1361,1.0
1362,3.0
1363,1.0
1364,5.0
1365,2.0
1366,1.0
1367,9.0
1368,1.0
1369,3.0
1370,0
1371,3.0
1372,1.0
1373,4.0
1374,5.0
1375,2.0
1376,4.0
1377,1.0
1378,5.0
1379,4.0
1380,1.0
1381,2.0
1382,0
1383,1.0
1384,1.0
1385,1.0
1386,5.0
1387,3.0
1388,6.0
1389,3.0
1390,3.0
1391,8.0
1392,1.0
1393,3.0
1394,3.0
1395,1.0
1396,4.0
1397,3.0
1398,1.0
1399,4.0
1400,8.0
1401,4.0
1402,1.0
1403,1.0
1404,4.0
1405,1.0
1406,3.0
1407,8.0
1408,1.0
1409,2.0
1410,1.0
1411,3.0
1412,5.0
1413,2.0
1414,3.0
1415,2.0
1416,1.0
1417,0
1418,11.0
1419,1.0
1420,4.0
1421,3.0
1422,8.0
1423,1.0
1424,1.0
1425,2.0
1426,2.0
1427,1.0
1428,2.0
1429,1.0
1430,1.0
1431,4.0
1432,4.0
1433,2.0
1434,1.0
1435,1.0
1436,3.0
1437,2.0
1438,3.0
1439,3.0
1440,3.0
1441,3.0
1442,3.0
1443,1.0
1444,6.0
1445,2.0
1446,1.0
1447,4.0
1448,6.0
1449,2.0
1450,2.0
1451,3.0
1452,3.0
1453,1.0
1454,2.0
1455,3.0
1456,4.0
1457,0
1458,2.0
1459,0
1460,1.0
1461,1.0
1462,2.0
1463,2.0
1464,0
1465,5.0
1466,2.0
1467,3.0
1468,6.0
1469,6.0
1470,7.0
1471,10.0
1472,12.0
1473,6.0
1474,8.0
1475,3.0
1476,0
1477,6.0
1478,2.0
1479,4.0
1480,4.0
1481,1.0
1482,4.0
1483,7.0
1484,1.0
1485,3.0
1486,2.0
1487,5.0
1488,9.0
1489,14.0
1490,2.0
1491,1.0
1492,7.0
1493,1.0
1494,4.0
1495,2.0
1496,1.0
1497,2.0
1498,1.0
1499,10.0
1500,2.0
1501,1.0
1502,2.0
1503,14.0
1504,1.0
1505,1.0
1506,1.0
1507,3.0
1508,1.0
1509,4.0
1510,1.0
1511,4.0
1512,1.0
1513,0
1514,1.0
1515,2.0
1516,2.0
1517,2.0
1518,13.0
1519,4.0
1520,5.0
1521,1.0
1522,2.0
1523,4.0
1524,2.0
1525,3.0
1526,3.0
1527,1.0
1528,6.0
1529,4.0
1530,4.0
1531,3.0
1532,3.0
1533,4.0
1534,4.0
1535,1.0
1536,4.0
1537,2.0
1538,3.0
1539,9.0
1540,5.0
1541,1.0
1542,3.0
1543,1.0
1544,8.0
1545,2.0
1546,3.0
1547,1.0
1548,2.0
1549,9.0
1550,2.0
1551,2.0
1552,1.0
1553,1.0
1554,2.0
1555,3.0
1556,1.0
1557,2.0
1558,1.0
1559,4.0
1560,4.0
1561,2.0
1562,1.0
1563,1.0
1564,4.0
1565,1.0
1566,8.0
1567,7.0
1568,3.0
1569,9.0
1570,14.0
1571,2.0
1572,4.0
1573,1.0
1574,2.0
1575,1.0
1576,4.0
1577,3.0
1578,6.0
1579,3.0
1580,3.0
1581,3.0
1582,4.0
1583,2.0
1584,4.0
1585,4.0
1586,1.0
1587,8.0
1588,2.0
1589,4.0
1590,4.0
1591,7.0
1592,11.0
1593,1.0
1594,3.0
1595,1.0
1596,1.0
1597,1.0
1598,4.0
1599,4.0
1600,4.0
1601,3.0
1602,1.0
1603,2.0
1604,3.0
1605,6.0
1606,1.0
1607,1.0
1608,2.0
1609,2.0
1610,7.0
1611,2.0
1612,4.0
1613,2.0
1614,3.0
1615,14.0
1616,2.0
1617,2.0
1618,2.0
1619,7.0
1620,6.0
1621,2.0
1622,2.0
1623,1.0
1624,1.0
1625,13.0
1626,2.0
1627,4.0
1628,6.0
1629,3.0
1630,0
1631,1.0
1632,2.0
1633,12.0
1634,1.0
1635,2.0
1636,7.0
1637,5.0
1638,5.0
1639,3.0
1640,6.0
1641,2.0
1642,2.0
1643,1.0
1644,1.0
1645,7.0
1646,3.0
1647,5.0
1648,4.0
1649,3.0
1650,2.0
1651,4.0
1652,2.0
1653,6.0
1654,8.0
1655,3.0
1656,6.0
1657,0
1658,3.0
1659,2.0
1660,14.0
1661,1.0
1662,1.0
1663,1.0
1664,2.0
1665,5.0
1666,1.0
1667,1.0
1668,0
1669,4.0
1670,9.0
1671,0
1672,2.0
1673,9.0
1674,2.0
1675,2.0
1676,3.0
1677,1.0
1678,1.0
1679,1.0
1680,3.0
1681,1.0
1682,1.0
1683,2.0
1684,10.0
1685,11.0
1686,1.0
1687,4.0
1688,2.0
1689,2.0
1690,8.0
1691,3.0
1692,6.0
1693,2.0
1694,3.0
1695,3.0
1696,12.0
1697,6.0
1698,13.0
1699,5.0
1700,3.0
1701,15.0
1702,6.0
1703,2.0
1704,4.0
1705,2.0
1706,6.0
1707,3.0
1708,3.0
1709,2.0
1710,4.0
1711,3.0
1712,0
1713,6.0
1714,2.0
1715,4.0
1716,1.0
1717,4.0
1718,2.0
1719,5.0
1720,3.0
1721,3.0
1722,4.0
1723,3.0
1724,1.0
1725,3.0
1726,1.0
1727,3.0
1728,6.0
1729,3.0
1730,2.0
1731,5.0
1732,2.0
1733,14.0
1734,1.0
1735,5.0
1736,3.0
1737,0
1738,0
1739,1.0
1740,13.0
1741,2.0
1742,3.0
1743,2.0
1744,3.0
1745,0
1746,10.0
1747,1.0
1748,4.0
1749,3.0
1750,1.0
1751,2.0
1752,1.0
1753,4.0
1754,1.0
1755,3.0
1756,4.0
1757,3.0
1758,7.0
1759,3.0
1760,2.0
1761,6.0
1762,2.0
1763,9.0
1764,3.0
1765,4.0
1766,3.0
1767,2.0
1768,2.0
1769,3.0
1770,8.0
1771,1.0
1772,1.0
1773,1.0
1774,12.0
1775,1.0
1776,3.0
1777,5.0
1778,2.0
1779,1.0
1780,1.0
1781,5.0
1782,1.0
1783,9.0
1784,8.0
1785,0
1786,2.0
1787,13.0
1788,6.0
1789,6.0
1790,3.0
1791,1.0
1792,3.0
1793,0
1794,1.0
1795,3.0
1796,2.0
1797,2.0
1798,1.0
1799,3.0
1800,5.0
1801,1.0
1802,1.0
1803,12.0
1804,0
1805,1.0
1806,8.0
1807,2.0
1808,15.0
1809,6.0
1810,2.0
1811,2.0
1812,11.0
1813,5.0
1814,11.0
1815,1.0
1816,9.0
1817,12.0
1818,2.0
1819,5.0
1820,4.0
1821,14.0
1822,4.0
1823,2.0
1824,10.0
1825,9.0
1826,1.0
1827,0
1828,1.0
1829,2.0
1830,6.0
1831,1.0
1832,2.0
1833,6.0
1834,4.0
1835,2.0
1836,0
1837,3.0
1838,10.0
1839,3.0
1840,15.0
1841,6.0
1842,13.0
1843,2.0
1844,1.0
1845,2.0
1846,2.0
1847,2.0
1848,5.0
1849,4.0
1850,4.0
1851,8.0
1852,2.0
1853,1.0
1854,1.0
1855,4.0
1856,2.0
1857,19.0
1858,1.0
1859,2.0
1860,9.0
1861,17.0
1862,2.0
1863,2.0
1864,5.0
1865,2.0
1866,19.0
1867,2.0
1868,5.0
1869,1.0
1870,1.0
1871,5.0
1872,12.0
1873,1.0
1874,3.0
1875,4.0
1876,4.0
1877,2.0
1878,1.0
1879,4.0
1880,12.0
1881,10.0
1882,2.0
1883,9.0
1884,4.0
1885,5.0
1886,1.0
1887,1.0
1888,14.0
1889,2.0
1890,3.0
1891,3.0
1892,3.0
1893,3.0
1894,2.0
1895,3.0
1896,2.0
1897,2.0
1898,1.0
1899,1.0
1900,3.0
1901,17.0
1902,13.0
1903,2.0
1904,3.0
1905,3.0
1906,2.0
1907,4.0
1908,1.0
1909,4.0
1910,1.0
1911,4.0
1912,0
1913,1.0
1914,1.0
1915,2.0
1916,1.0
1917,1.0
1918,6.0
1919,5.0
1920,4.0
1921,3.0
1922,2.0
1923,1.0
1924,1.0
1925,2.0
1926,1.0
1927,4.0
1928,4.0
1929,2.0
1930,3.0
1931,2.0
1932,2.0
1933,3.0
1934,6.0
1935,1.0
1936,1.0
1937,9.0
1938,1.0
1939,1.0
1940,0
1941,11.0
1942,3.0
1943,3.0
1944,1.0
1945,1.0
1946,3.0
1947,6.0
1948,3.0
1949,1.0
1950,0
1951,2.0
1952,3.0
1953,0
1954,3.0
1955,10.0
1956,3.0
1957,3.0
1958,3.0
1959,3.0
1960,11.0
1961,1.0
1962,3.0
1963,6.0
1964,1.0
1965,3.0
1966,2.0
1967,7.0
1968,1.0
1969,6.0
1970,13.0
1971,2.0
1972,2.0
1973,1.0
1974,1.0
1975,7.0
1976,3.0
1977,6.0
1978,1.0
1979,1.0
1980,6.0
1981,3.0
1982,2.0
1983,3.0
1984,2.0
1985,0
1986,3.0
1987,1.0
1988,3.0
1989,3.0
1990,2.0
1991,8.0
1992,3.0
1993,6.0
1994,19.0
1995,2.0
1996,4.0
1997,5.0
1998,7.0
1999,2.0
2000,10.0
2001,1.0
2002,3.0
2003,3.0
2004,0
2005,1.0
2006,1.0
2007,5.0
2008,2.0
2009,6.0
2010,0
2011,0
2012,4.0
2013,1.0
2014,2.0
2015,5.0
2016,1.0
2017,0
2018,1.0
2019,1.0
2020,2.0
2021,4.0
2022,1.0
2023,8.0
2024,3.0
2025,4.0
2026,2.0
2027,1.0
2028,7.0
2029,5.0
2030,8.0
2031,10.0
2032,8.0
2033,3.0
2034,10.0
2035,6.0
2036,5.0
2037,1.0
2038,2.0
2039,5.0
2040,10.0
2041,3.0
2042,20.0
2043,10.0
2044,1.0
2045,0
2046,7.0
2047,7.0
2048,5.0
2049,5.0
2050,2.0
2051,5.0
2052,1.0
2053,6.0
2054,8.0
2055,6.0
2056,1.0
2057,4.0
2058,6.0
2059,8.0
2060,4.0
2061,2.0
2062,0
2063,7.0
2064,11.0
2065,5.0
2066,2.0
2067,6.0
2068,15.0
2069,3.0
2070,4.0
2071,5.0
2072,3.0
2073,3.0
2074,3.0
2075,5.0
2076,19.0
2077,1.0
2078,8.0
2079,1.0
2080,2.0
2081,3.0
2082,2.0
2083,0
2084,4.0
2085,3.0
2086,7.0
2087,1.0
2088,3.0
2089,0
2090,3.0
2091,2.0
2092,9.0
2093,6.0
2094,0
2095,10.0
2096,5.0
2097,3.0
2098,1.0
2099,1.0
2100,3.0
2101,6.0
2102,1.0
2103,1.0
2104,1.0
2105,1.0
2106,1.0
2107,3.0
2108,3.0
2109,1.0
2110,6.0
2111,1.0
2112,6.0
2113,1.0
2114,2.0
2115,9.0
2116,5.0
2117,1.0
2118,8.0
2119,8.0
2120,3.0
2121,1.0
2122,5.0
2123,4.0
2124,1.0
2125,2.0
2126,5.0
2127,3.0
2128,6.0
2129,6.0
2130,11.0
2131,5.0
2132,4.0
2133,4.0
2134,1.0
2135,8.0
2136,0
2137,5.0
2138,1.0
2139,3.0
2140,1.0
2141,6.0
2142,1.0
2143,1.0
2144,2.0
2145,4.0
2146,5.0
2147,3.0
2148,3.0
2149,4.0
2150,1.0
2151,2.0
2152,1.0
2153,1.0
2154,4.0
2155,3.0
2156,1.0
2157,1.0
2158,1.0
2159,1.0
2160,2.0
2161,1.0
2162,5.0
2163,2.0
2164,6.0
2165,1.0
2166,9.0
2167,5.0
2168,1.0
2169,11.0
2170,1.0
2171,1.0
2172,1.0
2173,5.0
2174,8.0
2175,1.0
2176,3.0
2177,3.0
2178,1.0
2179,4.0
2180,2.0
2181,13.0
2182,3.0
2183,4.0
2184,0
2185,3.0
2186,1.0
2187,5.0
2188,4.0
2189,1.0
2190,2.0
2191,4.0
2192,8.0
2193,2.0
2194,8.0
2195,0
2196,4.0
2197,8.0
2198,3.0
2199,2.0
2200,1.0
2201,3.0
2202,3.0
2203,2.0
2204,2.0
2205,2.0
2206,3.0
2207,13.0
2208,1.0
2209,10.0
2210,11.0
2211,7.0
2212,8.0
2213,5.0
2214,2.0
2215,9.0
2216,3.0
2217,2.0
2218,2.0
2219,8.0
2220,3.0
2221,4.0
2222,5.0
2223,1.0
2224,9.0
2225,6.0
2226,3.0
2227,3.0
2228,7.0
2229,2.0
2230,5.0
2231,12.0
2232,7.0
2233,3.0
2234,11.0
2235,0
2236,2.0
2237,7.0
2238,6.0
2239,1.0
2240,2.0
2241,1.0
2242,5.0
2243,5.0
2244,8.0
2245,1.0
2246,9.0
2247,2.0
2248,7.0
2249,5.0
2250,4.0
2251,27.0
2252,2.0
2253,11.0
2254,2.0
2255,4.0
2256,2.0
2257,6.0
2258,3.0
2259,1.0
2260,0
2261,0
2262,3.0
2263,2.0
2264,1.0
2265,6.0
2266,6.0
2267,3.0
2268,4.0
2269,4.0
2270,4.0
2271,4.0
2272,6.0
2273,8.0
2274,9.0
2275,9.0
2276,2.0
2277,1.0
2278,3.0
2279,3.0
2280,7.0
2281,6.0
2282,3.0
2283,2.0
2284,5.0
2285,2.0
2286,5.0
2287,6.0
2288,8.0
2289,3.0
2290,8.0
2291,20.0
2292,5.0
2293,3.0
2294,1.0
2295,4.0
2296,1.0
2297,5.0
2298,1.0
2299,12.0
2300,8.0
2301,3.0
2302,1.0
2303,2.0
2304,2.0
2305,1.0
2306,11.0
2307,1.0
2308,2.0
2309,1.0
2310,11.0
2311,16.0
2312,7.0
2313,11.0
2314,10.0
2315,4.0
2316,3.0
2317,4.0
2318,6.0
2319,7.0
2320,6.0
2321,1.0
2322,1.0
2323,14.0
2324,4.0
2325,4.0
2326,2.0
2327,7.0
2328,5.0
2329,1.0
2330,2.0
2331,6.0
2332,7.0
2333,2.0
2334,1.0
2335,1.0
2336,9.0
2337,6.0
2338,9.0
2339,1.0
2340,3.0
2341,5.0
2342,2.0
2343,2.0
2344,4.0
2345,2.0
2346,7.0
2347,1.0
2348,7.0
2349,0
2350,1.0
2351,2.0
2352,6.0
2353,2.0
2354,2.0
2355,12.0
2356,1.0
2357,1.0
2358,1.0
2359,3.0
2360,7.0
2361,5.0
2362,4.0
2363,10.0
2364,7.0
2365,4.0
2366,5.0
2367,3.0
2368,1.0
2369,2.0
2370,5.0
2371,2.0
2372,1.0
2373,6.0
2374,16.0
2375,5.0
2376,2.0
2377,2.0
2378,1.0
2379,3.0
2380,3.0
2381,0
2382,5.0
2383,3.0
2384,2.0
2385,2.0
2386,3.0
2387,5.0
2388,2.0
2389,3.0
2390,0
2391,12.0
2392,33.0
2393,3.0
2394,3.0
2395,6.0
2396,1.0
2397,8.0
2398,8.0
2399,3.0
2400,5.0
2401,8.0
2402,7.0
2403,7.0
2404,12.0
2405,5.0
2406,2.0
2407,4.0
2408,7.0
2409,2.0
2410,10.0
2411,1.0
2412,4.0
2413,5.0
2414,1.0
2415,0
2416,12.0
2417,6.0
2418,1.0
2419,1.0
2420,10.0
2421,16.0
2422,2.0
2423,1.0
2424,3.0
2425,7.0
2426,8.0
2427,3.0
2428,1.0
2429,3.0
2430,4.0
2431,1.0
2432,1.0
2433,3.0
2434,6.0
2435,2.0
2436,4.0
2437,6.0
2438,3.0
2439,2.0
2440,8.0
2441,1.0
2442,2.0
2443,1.0
2444,2.0
2445,2.0
2446,6.0
2447,9.0
2448,2.0
2449,2.0
2450,2.0
2451,6.0
2452,2.0
2453,0
2454,5.0
2455,4.0
2456,10.0
2457,0
2458,5.0
2459,4.0
2460,1.0
2461,4.0
2462,6.0
2463,3.0
2464,1.0
2465,5.0
2466,6.0
2467,19.0
2468,2.0
2469,12.0
2470,5.0
2471,3.0
2472,2.0
2473,10.0
2474,1.0
2475,1.0
2476,4.0
2477,4.0
2478,1.0
2479,4.0
2480,1.0
2481,2.0
2482,2.0
2483,5.0
2484,4.0
2485,3.0
2486,9.0
2487,7.0
2488,6.0
2489,1.0
2490,2.0
2491,15.0
2492,7.0
2493,0
2494,10.0
2495,0
2496,5.0
2497,3.0
2498,8.0
2499,3.0
2500,8.0
2501,0
2502,3.0
2503,5.0
2504,10.0
2505,12.0
2506,4.0
2507,2.0
2508,7.0
2509,2.0
2510,3.0
2511,3.0
2512,5.0
2513,2.0
2514,1.0
2515,4.0
2516,2.0
2517,5.0
2518,21.0
2519,6.0
2520,3.0
2521,10.0
2522,2.0
2523,33.0
2524,4.0
2525,3.0
2526,6.0
2527,9.0
2528,6.0
2529,6.0
2530,1.0
2531,2.0
2532,3.0
2533,2.0
2534,5.0
2535,4.0
2536,3.0
2537,1.0
2538,2.0
2539,1.0
2540,3.0
2541,1.0
2542,7.0
2543,20.0
2544,1.0
2545,15.0
2546,5.0
2547,4.0
2548,3.0
2549,3.0
2550,3.0
2551,1.0
2552,1.0
2553,8.0
2554,1.0
2555,2.0
2556,2.0
2557,1.0
2558,1.0
2559,9.0
2560,2.0
2561,1.0
2562,2.0
2563,5.0
2564,9.0
2565,9.0
2566,6.0
2567,6.0
2568,2.0
2569,4.0
2570,3.0
2571,1.0
2572,3.0
2573,12.0
2574,2.0
2575,4.0
2576,5.0
2577,3.0
2578,0
2579,1.0
2580,3.0
2581,4.0
2582,1.0
2583,11.0
2584,2.0
2585,3.0
2586,2.0
2587,2.0
2588,4.0
2589,1.0
2590,3.0
2591,4.0
2592,14.0
2593,2.0
2594,7.0
2595,3.0
2596,8.0
2597,0
2598,10.0
2599,0
2600,8.0
2601,7.0
2602,1.0
2603,11.0
2604,10.0
2605,12.0
2606,10.0
2607,6.0
2608,0
2609,6.0
2610,1.0
2611,2.0
2612,2.0
2613,1.0
2614,5.0
2615,4.0
2616,7.0
2617,4.0
2618,2.0
2619,4.0
2620,2.0
2621,7.0
2622,1.0
2623,1.0
2624,1.0
2625,1.0
2626,7.0
2627,13.0
2628,6.0
2629,2.0
2630,3.0
2631,2.0
2632,0
2633,3.0
2634,16.0
2635,5.0
2636,1.0
2637,0
2638,9.0
2639,4.0
2640,2.0
2641,3.0
2642,13.0
2643,7.0
2644,6.0
2645,1.0
2646,1.0
2647,13.0
2648,2.0
2649,1.0
2650,7.0
2651,1.0
2652,6.0
2653,5.0
2654,6.0
2655,1.0
2656,1.0
2657,0
2658,10.0
2659,15.0
2660,1.0
2661,1.0
2662,1.0
2663,3.0
2664,6.0
2665,16.0
2666,6.0
2667,6.0
2668,9.0
2669,2.0
2670,14.0
2671,3.0
2672,2.0
2673,6.0
2674,3.0
2675,1.0
2676,2.0
2677,2.0
2678,5.0
2679,1.0
2680,4.0
2681,1.0
2682,0
2683,1.0
2684,4.0
2685,1.0
2686,1.0
2687,1.0
2688,1.0
2689,4.0
2690,2.0
2691,4.0
2692,3.0
2693,5.0
2694,0
2695,3.0
2696,1.0
2697,1.0
2698,3.0
2699,10.0
2700,5.0
2701,3.0
2702,1.0
2703,5.0
2704,1.0
2705,3.0
2706,17.0
2707,2.0
2708,1.0
2709,6.0
2710,6.0
2711,12.0
2712,6.0
2713,2.0
2714,1.0
2715,7.0
2716,1.0
2717,3.0
2718,5.0
2719,1.0
2720,7.0
2721,7.0
2722,2.0
2723,31.0
2724,12.0
2725,2.0
2726,3.0
2727,7.0
2728,14.0
2729,2.0
2730,4.0
2731,1.0
2732,3.0
2733,0
2734,7.0
2735,3.0
2736,10.0
2737,1.0
2738,12.0
2739,8.0
2740,1.0
2741,8.0
2742,2.0
2743,5.0
2744,18.0
2745,12.0
2746,6.0
2747,1.0
2748,2.0
2749,3.0
2750,0
2751,13.0
2752,0
2753,8.0
2754,1.0
2755,2.0
2756,1.0
2757,13.0
2758,1.0
2759,4.0
2760,1.0
2761,3.0
2762,3.0
2763,7.0
2764,5.0
2765,7.0
2766,10.0
2767,2.0
2768,2.0
2769,2.0
2770,5.0
2771,10.0
2772,14.0
2773,2.0
2774,3.0
2775,5.0
2776,8.0
2777,0
2778,9.0
2779,3.0
2780,6.0
2781,3.0
2782,4.0
2783,4.0
2784,8.0
2785,1.0
2786,7.0
2787,5.0
2788,12.0
2789,1.0
2790,9.0
2791,6.0
2792,5.0
2793,4.0
2794,5.0
2795,3.0
2796,6.0
2797,5.0
2798,1.0
2799,5.0
2800,2.0
2801,13.0
2802,3.0
2803,13.0
2804,2.0
2805,13.0
2806,1.0
2807,0
2808,0
2809,3.0
2810,5.0
2811,7.0
2812,0
2813,3.0
2814,2.0
2815,12.0
2816,6.0
2817,2.0
2818,2.0
2819,9.0
2820,5.0
2821,3.0
2822,9.0
2823,5.0
2824,6.0
2825,10.0
2826,10.0
2827,3.0
2828,4.0
2829,1.0
2830,1.0
2831,2.0
2832,5.0
2833,3.0
2834,1.0
2835,7.0
2836,15.0
2837,3.0
2838,2.0
2839,0
2840,6.0
2841,5.0
2842,1.0
2843,3.0
2844,1.0
2845,1.0
2846,0
2847,8.0
2848,1.0
2849,3.0
2850,5.0
2851,4.0
2852,1.0
2853,8.0
2854,1.0
2855,4.0
2856,14.0
2857,3.0
2858,4.0
2859,10.0
2860,2.0
2861,2.0
2862,1.0
2863,2.0
2864,2.0
2865,13.0
2866,17.0
2867,2.0
2868,3.0
2869,3.0
2870,21.0
2871,9.0
2872,4.0
2873,3.0
2874,6.0
2875,5.0
2876,2.0
2877,6.0
2878,1.0
2879,1.0
2880,5.0
2881,2.0
2882,2.0
2883,3.0
2884,6.0
2885,1.0
2886,1.0
2887,3.0
2888,7.0
2889,9.0
2890,2.0
2891,6.0
2892,4.0
2893,2.0
2894,9.0
2895,2.0
2896,5.0
2897,1.0
2898,4.0
2899,6.0
2900,11.0
2901,1.0
2902,5.0
2903,4.0
2904,6.0
2905,21.0
2906,0
2907,12.0
2908,4.0
2909,3.0
2910,1.0
2911,5.0
2912,2.0
2913,2.0
2914,3.0
2915,6.0
2916,4.0
2917,4.0
2918,6.0
2919,5.0
2920,9.0
2921,1.0
2922,19.0
2923,8.0
2924,1.0
2925,3.0
2926,1.0
2927,8.0
2928,7.0
2929,1.0
2930,7.0
2931,5.0
2932,2.0
2933,0
2934,1.0
2935,5.0
2936,6.0
2937,10.0
2938,1.0
2939,2.0
2940,1.0
2941,17.0
2942,5.0
2943,2.0
2944,7.0
2945,1.0
2946,1.0
2947,1.0
2948,3.0
2949,9.0
2950,1.0
2951,24.0
2952,0
2953,2.0
2954,1.0
2955,3.0
2956,8.0
2957,9.0
2958,1.0
2959,1.0
2960,9.0
2961,1.0
2962,6.0
2963,10.0
2964,6.0
2965,11.0
2966,1.0
2967,4.0
2968,8.0
2969,1.0
2970,2.0
2971,3.0
2972,2.0
2973,3.0
2974,13.0
2975,1.0
2976,4.0
2977,1.0
2978,1.0
2979,7.0
2980,2.0
2981,3.0
2982,2.0
2983,11.0
2984,1.0
2985,5.0
2986,4.0
2987,9.0
2988,6.0
2989,0
2990,3.0
2991,3.0
2992,2.0
2993,4.0
2994,3.0
2995,2.0
2996,3.0
2997,3.0
2998,3.0
2999,6.0
3000,7.0
3001,9.0
3002,2.0
3003,3.0
3004,3.0
3005,7.0
3006,1.0
3007,2.0
3008,4.0
3009,5.0
3010,2.0
3011,4.0
3012,7.0
3013,1.0
3014,1.0
3015,0
3016,7.0
3017,1.0
3018,2.0
3019,3.0
3020,9.0
3021,4.0
3022,3.0
3023,1.0
3024,9.0
3025,10.0
3026,1.0
3027,5.0
3028,5.0
3029,1.0
3030,5.0
3031,3.0
3032,3.0
3033,13.0
3034,3.0
3035,6.0
3036,3.0
3037,9.0
3038,5.0
3039,4.0
3040,7.0
3041,1.0
3042,5.0
3043,7.0
3044,0
3045,6.0
3046,5.0
3047,1.0
3048,30.0
3049,4.0
3050,17.0
3051,2.0
3052,1.0
3053,3.0
3054,7.0
3055,1.0
3056,6.0
3057,21.0
3058,14.0
3059,3.0
3060,1.0
3061,4.0
3062,9.0
3063,3.0
3064,2.0
3065,4.0
3066,10.0
3067,4.0
3068,12.0
3069,7.0
3070,4.0
3071,1.0
3072,3.0
3073,8.0
3074,3.0
3075,2.0
3076,4.0
3077,18.0
3078,19.0
3079,7.0
3080,1.0
3081,6.0
3082,3.0
3083,2.0
3084,7.0
3085,0
3086,12.0
3087,7.0
3088,9.0
3089,3.0
3090,6.0
3091,10.0
3092,2.0
3093,12.0
3094,6.0
3095,12.0
3096,1.0
3097,2.0
3098,1.0
3099,2.0
3100,0
3101,0
3102,6.0
3103,9.0
3104,3.0
3105,2.0
3106,5.0
3107,6.0
3108,2.0
3109,3.0
3110,0
3111,1.0
3112,4.0
3113,2.0
3114,2.0
3115,3.0
3116,1.0
3117,13.0
3118,4.0
3119,7.0
3120,2.0
3121,1.0
3122,2.0
3123,3.0
3124,2.0
3125,2.0
3126,2.0
3127,3.0
3128,5.0
3129,10.0
3130,3.0
3131,7.0
3132,10.0
3133,9.0
3134,10.0
3135,3.0
3136,5.0
3137,1.0
3138,2.0
3139,1.0
3140,1.0
3141,2.0
3142,2.0
3143,6.0
3144,3.0
3145,4.0
3146,5.0
3147,6.0
3148,8.0
3149,5.0
3150,3.0
3151,4.0
3152,3.0
3153,4.0
3154,0
3155,5.0
3156,1.0
3157,1.0
3158,7.0
3159,12.0
3160,16.0
3161,4.0
3162,19.0
3163,12.0
3164,2.0
3165,8.0
3166,4.0
3167,8.0
3168,20.0
3169,7.0
3170,1.0
3171,10.0
3172,9.0
3173,4.0
3174,9.0
3175,4.0
3176,4.0
3177,5.0
3178,2.0
3179,9.0
3180,1.0
3181,4.0
3182,0
3183,5.0
3184,1.0
3185,12.0
3186,8.0
3187,1.0
3188,5.0
3189,6.0
3190,0
3191,4.0
3192,8.0
3193,6.0
3194,14.0
3195,12.0
3196,4.0
3197,1.0
3198,2.0
3199,5.0
3200,2.0
3201,5.0
3202,11.0
3203,13.0
3204,1.0
3205,2.0
3206,6.0
3207,10.0
3208,10.0
3209,1.0
3210,5.0
3211,7.0
3212,7.0
3213,2.0
3214,4.0
3215,1.0
3216,8.0
3217,4.0
3218,1.0
3219,7.0
3220,8.0
3221,1.0
3222,1.0
3223,0
3224,4.0
3225,6.0
3226,4.0
3227,12.0
3228,4.0
3229,3.0
3230,2.0
3231,4.0
3232,6.0
3233,8.0
3234,2.0
3235,1.0
3236,1.0
3237,2.0
3238,4.0
3239,2.0
3240,14.0
3241,4.0
3242,1.0
3243,2.0
3244,9.0
3245,5.0
3246,1.0
3247,4.0
3248,3.0
3249,1.0
3250,6.0
3251,5.0
3252,2.0
3253,10.0
3254,6.0
3255,7.0
3256,8.0
3257,1.0
3258,1.0
3259,2.0
3260,10.0
3261,2.0
3262,2.0
3263,12.0
3264,2.0
3265,1.0
3266,14.0
3267,0
3268,2.0
3269,8.0
3270,6.0
3271,2.0
3272,11.0
3273,1.0
3274,1.0
3275,2.0
3276,11.0
3277,4.0
3278,9.0
3279,3.0
3280,2.0
3281,8.0
3282,4.0
3283,2.0
3284,0
3285,5.0
3286,2.0
3287,1.0
3288,19.0
3289,9.0
3290,7.0
3291,3.0
3292,13.0
3293,6.0
3294,3.0
3295,3.0
3296,2.0
3297,3.0
3298,1.0
3299,13.0
3300,4.0
3301,3.0
3302,1.0
3303,0
3304,5.0
3305,1.0
3306,0
3307,6.0
3308,1.0
3309,3.0
3310,4.0
3311,4.0
3312,2.0
3313,14.0
3314,7.0
3315,1.0
3316,5.0
3317,9.0
3318,7.0
3319,5.0
3320,1.0
3321,1.0
3322,22.0
3323,2.0
3324,5.0
3325,4.0
3326,3.0
3327,2.0
3328,6.0
3329,1.0
3330,1.0
3331,6.0
3332,5.0
3333,5.0
3334,1.0
3335,1.0
3336,9.0
3337,5.0
3338,2.0
3339,4.0
3340,2.0
3341,7.0
3342,1.0
3343,10.0
3344,1.0
3345,3.0
3346,7.0
3347,4.0
3348,7.0
3349,6.0
3350,3.0
3351,1.0
3352,3.0
3353,11.0
3354,9.0
3355,5.0
3356,4.0
3357,4.0
3358,3.0
3359,6.0
3360,11.0
3361,3.0
3362,1.0
3363,6.0
3364,7.0
3365,2.0
3366,9.0
3367,4.0
3368,4.0
3369,3.0
3370,2.0
3371,1.0
3372,4.0
3373,10.0
3374,1.0
3375,2.0
3376,5.0
3377,3.0
3378,5.0
3379,10.0
3380,4.0
3381,6.0
3382,1.0
3383,2.0
3384,3.0
3385,2.0
3386,1.0
3387,1.0
3388,4.0
3389,1.0
3390,19.0
3391,8.0
3392,2.0
3393,3.0
3394,1.0
3395,2.0
3396,0
3397,4.0
3398,1.0
3399,1.0
3400,15.0
3401,4.0
3402,6.0
3403,11.0
3404,7.0
3405,3.0
3406,2.0
3407,5.0
3408,2.0
3409,1.0
3410,8.0
3411,0
3412,9.0
3413,6.0
3414,4.0
3415,2.0
3416,2.0
3417,15.0
3418,1.0
3419,2.0
3420,1.0
3421,7.0
3422,1.0
3423,6.0
3424,1.0
3425,3.0
3426,7.0
3427,9.0
3428,8.0
3429,4.0
3430,1.0
3431,9.0
3432,5.0
3433,4.0
3434,1.0
3435,6.0
3436,3.0
3437,1.0
3438,1.0
3439,1.0
3440,3.0
3441,4.0
3442,13.0
3443,6.0
3444,1.0
3445,1.0
3446,12.0
3447,6.0
3448,3.0
3449,6.0
3450,4.0
3451,4.0
3452,9.0
3453,1.0
3454,1.0
3455,6.0
3456,1.0
3457,0
3458,12.0
3459,5.0
3460,2.0
3461,10.0
3462,2.0
3463,15.0
3464,3.0
3465,8.0
3466,6.0
3467,4.0
3468,3.0
3469,1.0
3470,9.0
3471,6.0
3472,3.0
3473,11.0
3474,3.0
3475,4.0
3476,4.0
3477,9.0
3478,3.0
3479,1.0
3480,1.0
3481,8.0
3482,0
3483,8.0
3484,4.0
3485,1.0
3486,12.0
3487,6.0
3488,14.0
3489,24.0
3490,1.0
3491,5.0
3492,1.0
3493,20.0
3494,10.0
3495,6.0
3496,9.0
3497,8.0
3498,5.0
3499,1.0
3500,10.0
3501,3.0
3502,7.0
3503,5.0
3504,2.0
3505,8.0
3506,7.0
3507,1.0
3508,8.0
3509,4.0
3510,4.0
3511,3.0
3512,6.0
3513,3.0
3514,0
3515,5.0
3516,3.0
3517,17.0
3518,1.0
3519,1.0
3520,3.0
3521,2.0
3522,0
3523,2.0
3524,4.0
3525,6.0
3526,8.0
3527,10.0
3528,4.0
3529,3.0
3530,15.0
3531,9.0
3532,8.0
3533,1.0
3534,4.0
3535,2.0
3536,13.0
3537,2.0
3538,8.0
3539,0
3540,0
3541,8.0
3542,3.0
3543,1.0
3544,5.0
3545,21.0
3546,2.0
3547,2.0
3548,9.0
3549,1.0
3550,3.0
3551,8.0
3552,2.0
3553,22.0
3554,25.0
3555,5.0
3556,2.0
3557,4.0
3558,2.0
3559,9.0
3560,10.0
3561,4.0
3562,3.0
3563,4.0
3564,6.0
3565,1.0
3566,18.0
3567,8.0
3568,24.0
3569,4.0
3570,1.0
3571,2.0
3572,11.0
3573,5.0
3574,6.0
3575,5.0
3576,6.0
3577,5.0
3578,1.0
3579,1.0
3580,3.0
3581,1.0
3582,1.0
3583,2.0
3584,3.0
3585,7.0
3586,2.0
3587,5.0
3588,10.0
3589,3.0
3590,6.0
3591,3.0
3592,1.0
3593,1.0
3594,2.0
3595,9.0
3596,1.0
3597,2.0
3598,3.0
3599,3.0
3600,8.0
3601,9.0
3602,1.0
3603,21.0
3604,3.0
3605,6.0
3606,24.0
3607,17.0
3608,0
3609,6.0
3610,3.0
3611,16.0
3612,3.0
3613,17.0
3614,0
3615,4.0
3616,7.0
3617,8.0
3618,1.0
3619,2.0
3620,0
3621,12.0
3622,2.0
3623,9.0
3624,20.0
3625,8.0
3626,2.0
3627,5.0
3628,9.0
3629,9.0
3630,2.0
3631,4.0
3632,8.0
3633,10.0
3634,24.0
3635,7.0
3636,5.0
3637,1.0
3638,9.0
3639,0
3640,1.0
3641,3.0
3642,10.0
3643,3.0
3644,5.0
3645,7.0
3646,18.0
3647,9.0
3648,2.0
3649,3.0
3650,3.0
3651,9.0
3652,1.0
3653,1.0
3654,4.0
3655,8.0
3656,6.0
3657,14.0
3658,5.0
3659,8.0
3660,1.0
3661,4.0
3662,1.0
3663,38.0
3664,20.0
3665,7.0
3666,1.0
3667,1.0
3668,2.0
3669,0
3670,17.0
3671,1.0
3672,2.0
3673,0
3674,1.0
3675,4.0
3676,7.0
3677,4.0
3678,2.0
3679,8.0
3680,4.0
3681,13.0
3682,7.0
3683,8.0
3684,2.0
3685,3.0
3686,4.0
3687,4.0
3688,1.0
3689,11.0
3690,2.0
3691,0
3692,3.0
3693,3.0
3694,7.0
3695,1.0
3696,6.0
3697,1.0
3698,3.0
3699,2.0
3700,4.0
3701,1.0
3702,4.0
3703,2.0
3704,5.0
3705,2.0
3706,10.0
3707,6.0
3708,1.0
3709,4.0
3710,3.0
3711,7.0
3712,4.0
3713,13.0
3714,5.0
3715,11.0
3716,3.0
3717,7.0
3718,7.0
3719,5.0
3720,5.0
3721,9.0
3722,4.0
3723,3.0
3724,4.0
3725,5.0
3726,5.0
3727,6.0
3728,12.0
3729,3.0
3730,1.0
3731,6.0
3732,15.0
3733,1.0
3734,2.0
3735,7.0
3736,3.0
3737,2.0
3738,8.0
3739,7.0
3740,6.0
3741,5.0
3742,0
3743,20.0
3744,3.0
3745,5.0
3746,2.0
3747,0
3748,15.0
3749,1.0
3750,5.0
3751,3.0
3752,11.0
3753,15.0
3754,9.0
3755,3.0
3756,3.0
3757,1.0
3758,5.0
3759,4.0
3760,4.0
3761,2.0
3762,2.0
3763,3.0
3764,18.0
3765,10.0
3766,17.0
3767,14.0
3768,12.0
3769,2.0
3770,5.0
3771,4.0
3772,1.0
3773,4.0
3774,3.0
3775,5.0
3776,10.0
3777,7.0
3778,3.0
3779,10.0
3780,4.0
3781,4.0
3782,9.0
3783,5.0
3784,1.0
3785,6.0
3786,1.0
3787,5.0
3788,4.0
3789,8.0
3790,9.0
3791,6.0
3792,7.0
3793,9.0
3794,6.0
3795,6.0
3796,10.0
3797,2.0
3798,14.0
3799,7.0
3800,1.0
3801,16.0
3802,2.0
3803,16.0
3804,1.0
3805,12.0
3806,3.0
3807,1.0
3808,2.0
3809,1.0
3810,15.0
3811,5.0
3812,2.0
3813,4.0
3814,7.0
3815,3.0
3816,5.0
3817,1.0
3818,0
3819,3.0
3820,3.0
3821,0
3822,2.0
3823,2.0
3824,2.0
3825,2.0
3826,4.0
3827,6.0
3828,1.0
3829,13.0
3830,4.0
3831,4.0
3832,1.0
3833,5.0
3834,16.0
3835,5.0
3836,6.0
3837,5.0
3838,6.0
3839,1.0
3840,2.0
3841,1.0
3842,5.0
3843,0
3844,1.0
3845,12.0
3846,2.0
3847,15.0
3848,18.0
3849,1.0
3850,0
3851,3.0
3852,7.0
3853,11.0
3854,10.0
3855,1.0
3856,3.0
3857,4.0
3858,10.0
3859,8.0
3860,11.0
3861,2.0
3862,3.0
3863,9.0
3864,8.0
3865,7.0
3866,3.0
3867,2.0
3868,8.0
3869,1.0
3870,1.0
3871,8.0
3872,7.0
3873,5.0
3874,1.0
3875,6.0
3876,4.0
3877,2.0
3878,10.0
3879,5.0
3880,4.0
3881,9.0
3882,2.0
3883,11.0
3884,12.0
3885,15.0
3886,1.0
3887,1.0
3888,1.0
3889,6.0
3890,2.0
3891,1.0
3892,2.0
3893,1.0
3894,1.0
3895,4.0
3896,6.0
3897,3.0
3898,1.0
3899,3.0
3900,31.0
3901,3.0
3902,12.0
3903,6.0
3904,2.0
3905,1.0
3906,4.0
3907,1.0
3908,4.0
3909,2.0
3910,3.0
3911,1.0
3912,1.0
3913,1.0
3914,5.0
3915,6.0
3916,4.0
3917,3.0
3918,3.0
3919,6.0
3920,3.0
3921,5.0
3922,9.0
3923,13.0
3924,3.0
3925,0
3926,6.0
3927,2.0
3928,2.0
3929,4.0
3930,3.0
3931,6.0
3932,3.0
3933,5.0
3934,1.0
3935,4.0
3936,1.0
3937,3.0
3938,3.0
3939,6.0
3940,31.0
3941,3.0
3942,1.0
3943,2.0
3944,1.0
3945,9.0
3946,14.0
3947,12.0
3948,7.0
3949,11.0
3950,14.0
3951,3.0
3952,1.0
3953,10.0
3954,4.0
3955,3.0
3956,3.0
3957,4.0
3958,3.0
3959,11.0
3960,2.0
3961,1.0
3962,8.0
3963,17.0
3964,6.0
3965,2.0
3966,12.0
3967,2.0
3968,2.0
3969,4.0
3970,2.0
3971,4.0
3972,16.0
3973,7.0
3974,4.0
3975,10.0
3976,2.0
3977,1.0
3978,2.0
3979,19.0
3980,9.0
3981,1.0
3982,8.0
3983,3.0
3984,1.0
3985,4.0
3986,3.0
3987,1.0
3988,2.0
3989,6.0
3990,15.0
3991,6.0
3992,1.0
3993,7.0
3994,2.0
3995,1.0
3996,1.0
3997,2.0
3998,5.0
3999,2.0
4000,5.0
4001,2.0
4002,3.0
4003,2.0
4004,1.0
4005,3.0
4006,1.0
4007,10.0
4008,1.0
4009,1.0
4010,2.0
4011,2.0
4012,1.0
4013,6.0
4014,3.0
4015,14.0
4016,13.0
4017,8.0
4018,1.0
4019,1.0
4020,1.0
4021,4.0
4022,4.0
4023,22.0
4024,4.0
4025,1.0
4026,4.0
4027,8.0
4028,4.0
4029,6.0
4030,10.0
4031,2.0
4032,13.0
4033,5.0
4034,2.0
4035,4.0
4036,5.0
4037,2.0
4038,2.0
4039,16.0
4040,1.0
4041,3.0
4042,0
4043,8.0
4044,4.0
4045,6.0
4046,9.0
4047,1.0
4048,12.0
4049,2.0
4050,3.0
4051,13.0
4052,2.0
4053,3.0
4054,4.0
4055,11.0
4056,4.0
4057,0
4058,4.0
4059,2.0
4060,3.0
4061,3.0
4062,9.0
4063,6.0
4064,6.0
4065,14.0
4066,3.0
4067,5.0
4068,1.0
4069,1.0
4070,5.0
4071,16.0
4072,3.0
4073,1.0
4074,1.0
4075,3.0
4076,3.0
4077,7.0
4078,4.0
4079,1.0
4080,5.0
4081,3.0
4082,3.0
4083,3.0
4084,4.0
4085,5.0
4086,7.0
4087,7.0
4088,2.0
4089,9.0
4090,2.0
4091,10.0
4092,13.0
4093,1.0
4094,5.0
4095,20.0
4096,8.0
4097,15.0
4098,0
4099,4.0
4100,10.0
4101,5.0
4102,11.0
4103,2.0
4104,2.0
4105,3.0
4106,2.0
4107,1.0
4108,2.0
4109,4.0
4110,3.0
4111,1.0
4112,10.0
4113,20.0
4114,2.0
4115,6.0
4116,8.0
4117,7.0
4118,2.0
4119,2.0
4120,11.0
4121,10.0
4122,1.0
4123,1.0
4124,17.0
4125,2.0
4126,19.0
4127,20.0
4128,5.0
4129,7.0
4130,5.0
4131,19.0
4132,14.0
4133,2.0
4134,1.0
4135,5.0
4136,1.0
4137,4.0
4138,5.0
4139,1.0
4140,2.0
4141,4.0
4142,1.0
4143,1.0
4144,1.0
4145,12.0
4146,13.0
4147,15.0
4148,4.0
4149,3.0
4150,9.0
4151,6.0
4152,8.0
4153,1.0
4154,0
4155,3.0
4156,3.0
4157,10.0
4158,1.0
4159,3.0
4160,8.0
4161,21.0
4162,1.0
4163,3.0
4164,3.0
4165,3.0
4166,4.0
4167,3.0
4168,12.0
4169,1.0
4170,2.0
4171,8.0
4172,6.0
4173,8.0
4174,5.0
4175,23.0
4176,4.0
4177,3.0
4178,3.0
4179,4.0
4180,9.0
4181,2.0
4182,1.0
4183,8.0
4184,5.0
4185,0
4186,1.0
4187,10.0
4188,4.0
4189,4.0
4190,13.0
4191,2.0
4192,3.0
4193,13.0
4194,4.0
4195,1.0
4196,2.0
4197,16.0
4198,5.0
4199,7.0
4200,1.0
4201,4.0
4202,2.0
4203,4.0
4204,1.0
4205,11.0
4206,0
4207,0
4208,3.0
4209,5.0
4210,9.0
4211,3.0
4212,7.0
4213,18.0
4214,1.0
4215,7.0
4216,2.0
4217,0
4218,9.0
4219,1.0
4220,7.0
4221,9.0
4222,16.0
4223,5.0
4224,7.0
4225,17.0
4226,5.0
4227,4.0
4228,0
4229,7.0
4230,2.0
4231,1.0
4232,20.0
4233,3.0
4234,3.0
4235,7.0
4236,1.0
4237,4.0
4238,3.0
4239,1.0
4240,6.0
4241,2.0
4242,4.0
4243,8.0
4244,4.0
4245,5.0
4246,5.0
4247,1.0
4248,17.0
4249,4.0
4250,1.0
4251,1.0
4252,1.0
4253,1.0
4254,3.0
4255,8.0
4256,4.0
4257,4.0
4258,2.0
4259,6.0
4260,2.0
4261,26.0
4262,20.0
4263,4.0
4264,7.0
4265,23.0
4266,8.0
4267,7.0
4268,13.0
4269,3.0
4270,9.0
4271,13.0
4272,1.0
4273,21.0
4274,3.0
4275,1.0
4276,2.0
4277,6.0
4278,7.0
4279,13.0
4280,2.0
4281,7.0
4282,4.0
4283,8.0
4284,1.0
4285,4.0
4286,12.0
4287,3.0
4288,2.0
4289,4.0
4290,1.0
4291,1.0
4292,5.0
4293,2.0
4294,5.0
4295,1.0
4296,3.0
4297,4.0
4298,11.0
4299,3.0
4300,7.0
4301,1.0
4302,11.0
4303,6.0
4304,6.0
4305,3.0
4306,4.0
4307,5.0
4308,6.0
4309,3.0
4310,16.0
4311,3.0
4312,6.0
4313,4.0
4314,3.0
4315,5.0
4316,4.0
4317,7.0
4318,4.0
4319,4.0
4320,11.0
4321,11.0
4322,3.0
4323,24.0
4324,7.0
4325,1.0
4326,10.0
4327,4.0
4328,0
4329,2.0
4330,2.0
4331,13.0
4332,16.0
4333,2.0
4334,12.0
4335,0
4336,12.0
4337,3.0
4338,17.0
4339,11.0
4340,10.0
4341,3.0
4342,5.0
4343,5.0
4344,15.0
4345,5.0
4346,3.0
4347,1.0
4348,2.0
4349,3.0
4350,5.0
4351,5.0
4352,4.0
4353,7.0
4354,18.0
4355,2.0
4356,5.0
4357,7.0
4358,1.0
4359,11.0
4360,22.0
4361,2.0
4362,1.0
4363,3.0
4364,12.0
4365,6.0
4366,6.0
4367,6.0
4368,2.0
4369,5.0
4370,8.0
4371,3.0
4372,1.0
4373,4.0
4374,4.0
4375,5.0
4376,5.0
4377,2.0
4378,10.0
4379,8.0
4380,1.0
4381,1.0
4382,1.0
4383,13.0
4384,4.0
4385,23.0
4386,16.0
4387,3.0
4388,8.0
4389,6.0
4390,20.0
4391,2.0
4392,3.0
4393,0
4394,1.0
4395,2.0
4396,0
4397,2.0
4398,10.0
4399,8.0
4400,0
4401,6.0
4402,2.0
4403,6.0
4404,2.0
4405,1.0
4406,7.0
4407,13.0
4408,6.0
4409,7.0
4410,0
4411,2.0
4412,2.0
4413,0
4414,9.0
4415,10.0
4416,3.0
4417,6.0
4418,1.0
4419,2.0
4420,4.0
4421,7.0
4422,2.0
4423,4.0
4424,3.0
4425,2.0
4426,18.0
4427,10.0
4428,2.0
4429,5.0
4430,8.0
4431,3.0
4432,9.0
4433,7.0
4434,10.0
4435,2.0
4436,12.0
4437,5.0
4438,9.0
4439,4.0
4440,6.0
4441,6.0
4442,5.0
4443,2.0
4444,5.0
4445,6.0
4446,5.0
4447,2.0
4448,0
4449,8.0
4450,1.0
4451,6.0
4452,14.0
4453,9.0
4454,1.0
4455,2.0
4456,14.0
4457,9.0
4458,2.0
4459,26.0
4460,2.0
4461,16.0
4462,21.0
4463,21.0
4464,3.0
4465,1.0
4466,5.0
4467,9.0
4468,5.0
4469,3.0
4470,2.0
4471,6.0
4472,2.0
4473,7.0
4474,0
4475,3.0
4476,2.0
4477,3.0
4478,2.0
4479,5.0
4480,0
4481,2.0
4482,3.0
4483,12.0
4484,7.0
4485,5.0
4486,1.0
4487,3.0
4488,4.0
4489,1.0
4490,8.0
4491,3.0
4492,6.0
4493,1.0
4494,11.0
4495,14.0
4496,3.0
4497,3.0
4498,3.0
4499,4.0
4500,1.0
4501,1.0
4502,13.0
4503,2.0
4504,15.0
4505,14.0
4506,1.0
4507,12.0
4508,1.0
4509,3.0
4510,5.0
4511,1.0
4512,2.0
4513,7.0
4514,3.0
4515,3.0
4516,6.0
4517,0
4518,1.0
4519,4.0
4520,3.0
4521,1.0
4522,19.0
4523,22.0
4524,3.0
4525,3.0
4526,2.0
4527,13.0
4528,10.0
4529,1.0
4530,8.0
4531,13.0
4532,0
4533,4.0
4534,2.0
4535,6.0
4536,4.0
4537,15.0
4538,5.0
4539,2.0
4540,27.0
4541,8.0
4542,0
4543,2.0
4544,13.0
4545,3.0
4546,2.0
4547,1.0
4548,5.0
4549,4.0
4550,5.0
4551,2.0
4552,13.0
4553,2.0
4554,7.0
4555,1.0
4556,2.0
4557,2.0
4558,11.0
4559,12.0
4560,5.0
4561,5.0
4562,18.0
4563,8.0
4564,14.0
4565,1.0
4566,26.0
4567,8.0
4568,2.0
4569,3.0
4570,5.0
4571,5.0
4572,3.0
4573,3.0
4574,3.0
4575,2.0
4576,4.0
4577,1.0
4578,3.0
4579,3.0
4580,2.0
4581,13.0
4582,23.0
4583,2.0
4584,5.0
4585,5.0
4586,1.0
4587,5.0
4588,1.0
4589,13.0
4590,14.0
4591,3.0
4592,13.0
4593,6.0
4594,13.0
4595,16.0
4596,1.0
4597,3.0
4598,5.0
4599,4.0
4600,10.0
4601,8.0
4602,1.0
4603,10.0
4604,15.0
4605,3.0
4606,17.0
4607,10.0
4608,9.0
4609,6.0
4610,10.0
4611,4.0
4612,2.0
4613,4.0
4614,13.0
4615,3.0
4616,4.0
4617,18.0
4618,1.0
4619,3.0
4620,8.0
4621,7.0
4622,22.0
4623,17.0
4624,1.0
4625,4.0
4626,8.0
4627,3.0
4628,4.0
4629,3.0
4630,2.0
4631,2.0
4632,2.0
4633,3.0
4634,2.0
4635,8.0
4636,2.0
4637,3.0
4638,2.0
4639,6.0
4640,1.0
4641,5.0
4642,3.0
4643,1.0
4644,5.0
4645,1.0
4646,14.0
4647,6.0
4648,4.0
4649,0
4650,2.0
4651,26.0
4652,19.0
4653,0
4654,3.0
4655,1.0
4656,3.0
4657,2.0
4658,2.0
4659,4.0
4660,3.0
4661,12.0
4662,7.0
4663,8.0
4664,1.0
4665,1.0
4666,8.0
4667,23.0
4668,8.0
4669,12.0
4670,6.0
4671,7.0
4672,0
4673,5.0
4674,6.0
4675,3.0
4676,7.0
4677,12.0
4678,6.0
4679,2.0
4680,4.0
4681,5.0
4682,16.0
4683,5.0
4684,19.0
4685,16.0
4686,15.0
4687,2.0
4688,3.0
4689,1.0
4690,9.0
4691,1.0
4692,2.0
4693,12.0
4694,1.0
4695,1.0
4696,4.0
4697,5.0
4698,9.0
4699,4.0
4700,1.0
4701,5.0
4702,4.0
4703,4.0
4704,1.0
4705,1.0
4706,3.0
4707,5.0
4708,3.0
4709,9.0
4710,3.0
4711,7.0
4712,6.0
4713,11.0
4714,15.0
4715,2.0
4716,8.0
4717,15.0
4718,1.0
4719,15.0
4720,2.0
4721,3.0
4722,6.0
4723,1.0
4724,2.0
4725,5.0
4726,5.0
4727,5.0
4728,2.0
4729,2.0
4730,7.0
4731,4.0
4732,16.0
4733,2.0
4734,17.0
4735,8.0
4736,21.0
4737,7.0
4738,1.0
4739,5.0
4740,10.0
4741,3.0
4742,4.0
4743,7.0
4744,5.0
4745,2.0
4746,3.0
4747,4.0
4748,6.0
4749,21.0
4750,0
4751,7.0
4752,13.0
4753,5.0
4754,3.0
4755,2.0
4756,0
4757,2.0
4758,1.0
4759,7.0
4760,2.0
4761,2.0
4762,6.0
4763,2.0
4764,1.0
4765,3.0
4766,7.0
4767,1.0
4768,3.0
4769,2.0
4770,0
4771,2.0
4772,5.0
4773,18.0
4774,3.0
4775,2.0
4776,3.0
4777,1.0
4778,1.0
4779,5.0
4780,3.0
4781,5.0
4782,7.0
4783,10.0
4784,19.0
4785,3.0
4786,16.0
4787,2.0
4788,13.0
4789,1.0
4790,1.0
4791,14.0
4792,1.0
4793,1.0
4794,5.0
4795,9.0
4796,5.0
4797,5.0
4798,4.0
4799,6.0
4800,3.0
4801,5.0
4802,8.0
4803,5.0
4804,2.0
4805,20.0
4806,5.0
4807,5.0
4808,8.0
4809,27.0
4810,3.0
4811,2.0
4812,11.0
4813,13.0
4814,9.0
4815,1.0
4816,4.0
4817,3.0
4818,7.0
4819,4.0
4820,13.0
4821,3.0
4822,2.0
4823,7.0
4824,8.0
4825,2.0
4826,0
4827,0
4828,14.0
4829,8.0
4830,0
4831,1.0
4832,3.0
4833,1.0
4834,0
4835,3.0
4836,3.0
4837,2.0
4838,3.0
4839,3.0
4840,22.0
4841,9.0
4842,7.0
4843,3.0
4844,9.0
4845,17.0
4846,1.0
4847,4.0
4848,6.0
4849,2.0
4850,4.0
4851,10.0
4852,1.0
4853,3.0
4854,2.0
4855,7.0
4856,3.0
4857,0
4858,2.0
4859,5.0
4860,15.0
4861,1.0
4862,4.0
4863,2.0
4864,10.0
4865,5.0
4866,2.0
4867,10.0
4868,3.0
4869,1.0
4870,10.0
4871,4.0
4872,3.0
4873,0
4874,8.0
4875,10.0
4876,8.0
4877,3.0
4878,1.0
4879,4.0
4880,3.0
4881,1.0
4882,6.0
4883,5.0
4884,13.0
4885,4.0
4886,2.0
4887,1.0
4888,12.0
4889,5.0
4890,1.0
4891,6.0
4892,1.0
4893,4.0
4894,0
4895,0
4896,3.0
4897,5.0
4898,1.0
4899,3.0
4900,9.0
4901,5.0
4902,4.0
4903,11.0
4904,4.0
4905,5.0
4906,5.0
4907,21.0
4908,7.0
4909,5.0
4910,21.0
4911,2.0
4912,17.0
4913,6.0
4914,6.0
4915,7.0
4916,5.0
4917,2.0
4918,1.0
4919,4.0
4920,26.0
4921,9.0
4922,11.0
4923,1.0
4924,4.0
4925,2.0
4926,3.0
4927,1.0
4928,3.0
4929,0
4930,9.0
4931,4.0
4932,4.0
4933,3.0
4934,1.0
4935,1.0
4936,1.0
4937,3.0
4938,2.0
4939,16.0
4940,6.0
4941,6.0
4942,8.0
4943,9.0
4944,11.0
4945,1.0
4946,3.0
4947,1.0
4948,13.0
4949,12.0
4950,3.0
4951,2.0
4952,4.0
4953,2.0
4954,4.0
4955,1.0
4956,3.0
4957,2.0
4958,2.0
4959,3.0
4960,1.0
4961,9.0
4962,7.0
4963,2.0
4964,17.0
4965,25.0
4966,5.0
4967,1.0
4968,2.0
4969,4.0
4970,3.0
4971,4.0
4972,3.0
4973,13.0
4974,1.0
4975,4.0
4976,5.0
4977,5.0
4978,7.0
4979,27.0
4980,2.0
4981,0
4982,4.0
4983,9.0
4984,3.0
4985,19.0
4986,8.0
4987,2.0
4988,1.0
4989,1.0
4990,10.0
4991,5.0
4992,3.0
4993,2.0
4994,4.0
4995,2.0
4996,18.0
4997,2.0
4998,10.0
4999,13.0
5000,5.0
5001,2.0
5002,10.0
5003,3.0
5004,7.0
5005,1.0
5006,1.0
5007,3.0
5008,3.0
5009,7.0
5010,1.0
5011,5.0
5012,0
5013,1.0
5014,2.0
5015,3.0
5016,10.0
5017,8.0
5018,3.0
5019,11.0
5020,11.0
5021,9.0
5022,5.0
5023,2.0
5024,5.0
5025,7.0
5026,3.0
5027,3.0
5028,2.0
5029,9.0
5030,10.0
5031,8.0
5032,21.0
5033,14.0
5034,5.0
5035,10.0
5036,6.0
5037,4.0
5038,16.0
5039,2.0
5040,3.0
5041,1.0
5042,1.0
5043,17.0
5044,1.0
5045,8.0
5046,19.0
5047,2.0
5048,8.0
5049,6.0
5050,3.0
5051,5.0
5052,4.0
5053,2.0
5054,4.0
5055,4.0
5056,2.0
5057,10.0
5058,4.0
5059,5.0
5060,9.0
5061,4.0
5062,5.0
5063,1.0
5064,6.0
5065,13.0
5066,13.0
5067,3.0
5068,2.0
5069,9.0
5070,2.0
5071,7.0
5072,9.0
5073,1.0
5074,2.0
5075,3.0
5076,3.0
5077,5.0
5078,14.0
5079,1.0
5080,2.0
5081,3.0
5082,1.0
5083,7.0
5084,1.0
5085,1.0
5086,5.0
5087,13.0
5088,1.0
5089,10.0
5090,2.0
5091,9.0
5092,3.0
5093,6.0
5094,15.0
5095,6.0
5096,4.0
5097,4.0
5098,10.0
5099,4.0
5100,3.0
5101,2.0
5102,9.0
5103,3.0
5104,4.0
5105,4.0
5106,1.0
5107,4.0
5108,1.0
5109,4.0
5110,10.0
5111,28.0
5112,1.0
5113,9.0
5114,5.0
5115,10.0
5116,9.0
5117,7.0
5118,1.0
5119,2.0
5120,18.0
5121,6.0
5122,8.0
5123,7.0
5124,14.0
5125,13.0
5126,10.0
5127,1.0
5128,7.0
5129,1.0
5130,2.0
5131,4.0
5132,2.0
5133,6.0
5134,14.0
5135,4.0
5136,14.0
5137,8.0
5138,1.0
5139,10.0
5140,4.0
5141,6.0
5142,3.0
5143,2.0
5144,8.0
5145,7.0
5146,10.0
5147,3.0
5148,7.0
5149,11.0
5150,6.0
5151,8.0
5152,9.0
5153,5.0
5154,19.0
5155,1.0
5156,9.0
5157,2.0
5158,4.0
5159,7.0
5160,2.0
5161,4.0
5162,1.0
5163,15.0
5164,4.0
5165,4.0
5166,3.0
5167,3.0
5168,8.0
5169,7.0
5170,4.0
5171,10.0
5172,12.0
5173,0
5174,7.0
5175,2.0
5176,4.0
5177,4.0
5178,1.0
5179,1.0
5180,4.0
5181,5.0
5182,0
5183,25.0
5184,2.0
5185,3.0
5186,3.0
5187,9.0
5188,2.0
5189,3.0
5190,6.0
5191,4.0
5192,4.0
5193,2.0
5194,19.0
5195,25.0
5196,1.0
5197,2.0
5198,3.0
5199,1.0
5200,6.0
5201,0
5202,1.0
5203,13.0
5204,5.0
5205,3.0
5206,6.0
5207,2.0
5208,2.0
5209,14.0
5210,5.0
5211,13.0
5212,2.0
5213,14.0
5214,6.0
5215,6.0
5216,8.0
5217,19.0
5218,5.0
5219,2.0
5220,1.0
5221,2.0
5222,3.0
5223,2.0
5224,1.0
5225,9.0
5226,0
5227,4.0
5228,4.0
5229,9.0
5230,2.0
5231,6.0
5232,2.0
5233,1.0
5234,7.0
5235,2.0
5236,1.0
5237,3.0
5238,5.0
5239,8.0
5240,5.0
5241,18.0
5242,15.0
5243,4.0
5244,4.0
5245,3.0
5246,8.0
5247,0
5248,1.0
5249,12.0
5250,11.0
5251,3.0
5252,13.0
5253,7.0
5254,6.0
5255,0
5256,15.0
5257,11.0
5258,5.0
5259,1.0
5260,6.0
5261,13.0
5262,3.0
5263,0
5264,5.0
5265,1.0
5266,1.0
5267,3.0
5268,9.0
5269,6.0
5270,3.0
5271,3.0
5272,7.0
5273,7.0
5274,13.0
5275,7.0
5276,6.0
5277,7.0
5278,6.0
5279,7.0
5280,0
5281,30.0
5282,1.0
5283,11.0
5284,4.0
5285,16.0
5286,21.0
5287,4.0
5288,6.0
5289,2.0
5290,1.0
5291,1.0
5292,11.0
5293,20.0
5294,7.0
5295,3.0
5296,7.0
5297,4.0
5298,7.0
5299,14.0
5300,2.0
5301,32.0
5302,14.0
5303,3.0
5304,10.0
5305,5.0
5306,10.0
5307,16.0
5308,3.0
5309,6.0
5310,1.0
5311,4.0
5312,3.0
5313,1.0
5314,21.0
5315,5.0
5316,14.0
5317,11.0
5318,12.0
5319,4.0
5320,12.0
5321,19.0
5322,2.0
5323,4.0
5324,7.0
5325,1.0
5326,1.0
5327,5.0
5328,4.0
5329,4.0
5330,4.0
5331,5.0
5332,2.0
5333,5.0
5334,16.0
5335,9.0
5336,3.0
5337,13.0
5338,1.0
5339,19.0
5340,8.0
5341,2.0
5342,3.0
5343,7.0
5344,22.0
5345,1.0
5346,9.0
5347,11.0
5348,7.0
5349,4.0
5350,10.0
5351,4.0
5352,11.0
5353,7.0
5354,12.0
5355,7.0
5356,12.0
5357,19.0
5358,2.0
5359,5.0
5360,2.0
5361,3.0
5362,16.0
5363,4.0
5364,3.0
5365,1.0
5366,1.0
5367,3.0
5368,16.0
5369,1.0
5370,1.0
5371,1.0
5372,8.0
5373,11.0
5374,4.0
5375,8.0
5376,2.0
5377,1.0
5378,12.0
5379,5.0
5380,2.0
5381,4.0
5382,10.0
5383,5.0
5384,4.0
5385,1.0
5386,7.0
5387,4.0
5388,8.0
5389,2.0
5390,5.0
5391,2.0
5392,3.0
5393,0
5394,12.0
5395,23.0
5396,11.0
5397,0
5398,2.0
5399,1.0
5400,1.0
5401,4.0
5402,3.0
5403,0
5404,5.0
5405,2.0
5406,17.0
5407,24.0
5408,11.0
5409,3.0
5410,16.0
5411,8.0
5412,5.0
5413,5.0
5414,1.0
5415,16.0
5416,3.0
5417,0
5418,10.0
5419,2.0
5420,6.0
5421,3.0
5422,2.0
5423,2.0
5424,10.0
5425,1.0
5426,8.0
5427,8.0
5428,10.0
5429,12.0
5430,1.0
5431,1.0
5432,1.0
5433,9.0
5434,5.0
5435,15.0
5436,1.0
5437,5.0
5438,2.0
5439,9.0
5440,20.0
5441,23.0
5442,6.0
5443,0
5444,2.0
5445,6.0
5446,36.0
5447,3.0
5448,7.0
5449,6.0
5450,2.0
5451,6.0
5452,1.0
5453,1.0
5454,5.0
5455,10.0
5456,11.0
5457,0
5458,7.0
5459,11.0
5460,5.0
5461,4.0
5462,1.0
5463,0
5464,3.0
5465,6.0
5466,6.0
5467,11.0
5468,15.0
5469,3.0
5470,1.0
5471,4.0
5472,3.0
5473,1.0
5474,2.0
5475,4.0
5476,20.0
5477,16.0
5478,1.0
5479,5.0
5480,3.0
5481,5.0
5482,1.0
5483,4.0
5484,1.0
5485,8.0
5486,0
5487,11.0
5488,6.0
5489,3.0
5490,1.0
5491,3.0
5492,2.0
5493,4.0
5494,7.0
5495,4.0
5496,7.0
5497,1.0
5498,3.0
5499,9.0
5500,6.0
5501,17.0
5502,1.0
5503,4.0
5504,1.0
5505,2.0
5506,6.0
5507,4.0
5508,4.0
5509,13.0
5510,20.0
5511,4.0
5512,0
5513,1.0
5514,1.0
5515,9.0
5516,5.0
5517,2.0
5518,7.0
5519,1.0
5520,4.0
5521,9.0
5522,12.0
5523,6.0
5524,3.0
5525,2.0
5526,8.0
5527,12.0
5528,6.0
5529,0
5530,5.0
5531,15.0
5532,26.0
5533,6.0
5534,10.0
5535,11.0
5536,2.0
5537,6.0
5538,4.0
5539,1.0
5540,17.0
5541,2.0
5542,14.0
5543,7.0
5544,4.0
5545,13.0
5546,11.0
5547,6.0
5548,2.0
5549,8.0
5550,2.0
5551,1.0
5552,16.0
5553,7.0
5554,6.0
5555,2.0
5556,3.0
5557,3.0
5558,1.0
5559,7.0
5560,1.0
5561,0
5562,5.0
5563,15.0
5564,5.0
5565,7.0
5566,4.0
5567,12.0
5568,1.0
5569,2.0
5570,2.0
5571,11.0
5572,4.0
5573,5.0
5574,13.0
5575,6.0
5576,7.0
5577,4.0
5578,29.0
5579,2.0
5580,2.0
5581,2.0
5582,11.0
5583,6.0
5584,5.0
5585,7.0
5586,2.0
5587,1.0
5588,3.0
5589,1.0
5590,1.0
5591,7.0
5592,4.0
5593,3.0
5594,2.0
5595,2.0
5596,4.0
5597,5.0
5598,9.0
5599,10.0
5600,1.0
5601,6.0
5602,2.0
5603,1.0
5604,6.0
5605,3.0
5606,17.0
5607,2.0
5608,1.0
5609,6.0
5610,4.0
5611,1.0
5612,16.0
5613,9.0
5614,1.0
5615,3.0
5616,1.0
5617,14.0
5618,1.0
5619,15.0
5620,0
5621,4.0
5622,1.0
5623,3.0
5624,21.0
5625,5.0
5626,12.0
5627,2.0
5628,2.0
5629,14.0
5630,2.0
5631,4.0
5632,16.0
5633,1.0
5634,2.0
5635,4.0
5636,6.0
5637,2.0
5638,2.0
5639,16.0
5640,1.0
5641,2.0
5642,4.0
5643,19.0
5644,1.0
5645,11.0
5646,7.0
5647,12.0
5648,8.0
5649,3.0
5650,3.0
5651,1.0
5652,7.0
5653,7.0
5654,21.0
5655,1.0
5656,5.0
5657,2.0
5658,10.0
5659,0
5660,5.0
5661,3.0
5662,0
5663,5.0
5664,1.0
5665,2.0
5666,3.0
5667,1.0
5668,5.0
5669,1.0
5670,4.0
5671,6.0
5672,3.0
5673,3.0
5674,3.0
5675,20.0
5676,3.0
5677,7.0
5678,4.0
5679,1.0
5680,6.0
5681,5.0
5682,3.0
5683,6.0
5684,6.0
5685,9.0
5686,4.0
5687,5.0
5688,8.0
5689,10.0
5690,26.0
5691,0
5692,6.0
5693,12.0
5694,4.0
5695,1.0
5696,2.0
5697,7.0
5698,6.0
5699,3.0
5700,2.0
5701,6.0
5702,1.0
5703,6.0
5704,4.0
5705,2.0
5706,0
5707,3.0
5708,5.0
5709,5.0
5710,2.0
5711,4.0
5712,19.0
5713,10.0
5714,9.0
5715,10.0
5716,8.0
5717,1.0
5718,9.0
5719,0
5720,6.0
5721,6.0
5722,19.0
5723,2.0
5724,1.0
5725,4.0
5726,4.0
5727,4.0
5728,3.0
5729,13.0
5730,2.0
5731,5.0
5732,1.0
5733,3.0
5734,12.0
5735,6.0
5736,1.0
5737,9.0
5738,3.0
5739,12.0
5740,4.0
5741,29.0
5742,4.0
5743,4.0
5744,12.0
5745,2.0
5746,10.0
5747,2.0
5748,2.0
5749,2.0
5750,2.0
5751,0
5752,1.0
5753,10.0
5754,6.0
5755,1.0
5756,5.0
5757,6.0
5758,1.0
5759,1.0
5760,11.0
5761,2.0
5762,2.0
5763,1.0
5764,0
5765,9.0
5766,8.0
5767,2.0
5768,3.0
5769,9.0
5770,10.0
5771,3.0
5772,13.0
5773,11.0
5774,9.0
5775,1.0
5776,2.0
5777,5.0
5778,2.0
5779,13.0
5780,0
5781,6.0
5782,3.0
5783,5.0
5784,2.0
5785,6.0
5786,1.0
5787,8.0
5788,2.0
5789,11.0
5790,3.0
5791,1.0
5792,6.0
5793,8.0
5794,3.0
5795,4.0
5796,18.0
5797,2.0
5798,3.0
5799,15.0
5800,2.0
5801,4.0
5802,1.0
5803,2.0
5804,1.0
5805,6.0
5806,5.0
5807,4.0
5808,3.0
5809,1.0
5810,3.0
5811,12.0
5812,8.0
5813,1.0
5814,6.0
5815,5.0
5816,1.0
5817,13.0
5818,7.0
5819,19.0
5820,3.0
5821,1.0
5822,6.0
5823,4.0
5824,15.0
5825,33.0
5826,7.0
5827,0
5828,2.0
5829,3.0
5830,1.0
5831,2.0
5832,4.0
5833,4.0
5834,24.0
5835,5.0
5836,13.0
5837,10.0
5838,17.0
5839,1.0
5840,23.0
5841,21.0
5842,2.0
5843,3.0
5844,11.0
5845,8.0
5846,3.0
5847,2.0
5848,1.0
5849,4.0
5850,2.0
5851,9.0
5852,3.0
5853,1.0
5854,3.0
5855,23.0
5856,15.0
5857,1.0
5858,5.0
5859,11.0
5860,6.0
5861,5.0
5862,4.0
5863,1.0
5864,2.0
5865,1.0
5866,1.0
5867,1.0
5868,4.0
5869,15.0
5870,13.0
5871,8.0
5872,10.0
5873,9.0
5874,6.0
5875,8.0
5876,9.0
5877,32.0
5878,3.0
5879,15.0
5880,1.0
5881,3.0
5882,1.0
5883,1.0
5884,9.0
5885,4.0
5886,4.0
5887,11.0
5888,1.0
5889,1.0
5890,2.0
5891,8.0
5892,1.0
5893,12.0
5894,15.0
5895,11.0
5896,1.0
5897,6.0
5898,1.0
5899,10.0
5900,3.0
5901,10.0
5902,18.0
5903,21.0
5904,10.0
5905,4.0
5906,1.0
5907,3.0
5908,10.0
5909,8.0
5910,2.0
5911,8.0
5912,4.0
5913,6.0
5914,0
5915,2.0
5916,5.0
5917,3.0
5918,8.0
5919,5.0
5920,4.0
5921,5.0
5922,5.0
5923,4.0
5924,1.0
5925,7.0
5926,6.0
5927,23.0
5928,1.0
5929,12.0
5930,4.0
5931,10.0
5932,4.0
5933,2.0
5934,0
5935,8.0
5936,14.0
5937,2.0
5938,5.0
5939,2.0
5940,10.0
5941,2.0
5942,18.0
5943,1.0
5944,14.0
5945,8.0
5946,9.0
5947,4.0
5948,2.0
5949,15.0
5950,6.0
5951,7.0
5952,31.0
5953,9.0
5954,1.0
5955,1.0
5956,8.0
5957,3.0
5958,2.0
5959,3.0
5960,2.0
5961,5.0
5962,6.0
5963,13.0
5964,6.0
5965,4.0
5966,9.0
5967,12.0
5968,2.0
5969,3.0
5970,3.0
5971,4.0
5972,3.0
5973,9.0
5974,5.0
5975,17.0
5976,4.0
5977,3.0
5978,8.0
5979,4.0
5980,6.0
5981,10.0
5982,4.0
5983,5.0
5984,1.0
5985,4.0
5986,2.0
5987,3.0
5988,2.0
5989,3.0
5990,7.0
5991,4.0
5992,7.0
5993,9.0
5994,15.0
5995,8.0
5996,6.0
5997,4.0
5998,12.0
5999,10.0
6000,26.0
6001,13.0
6002,8.0
6003,17.0
6004,13.0
6005,3.0
6006,1.0
6007,4.0
6008,3.0
6009,5.0
6010,1.0
6011,3.0
6012,0
6013,9.0
6014,3.0
6015,12.0
6016,1.0
6017,12.0
6018,7.0
6019,3.0
6020,6.0
6021,2.0
6022,1.0
6023,4.0
6024,7.0
6025,1.0
6026,4.0
6027,2.0
6028,7.0
6029,11.0
6030,17.0
6031,1.0
6032,11.0
6033,5.0
6034,3.0
6035,15.0
6036,7.0
6037,11.0
6038,6.0
6039,9.0
6040,6.0
6041,4.0
6042,11.0
6043,4.0
6044,3.0
6045,3.0
6046,6.0
6047,3.0
6048,3.0
6049,7.0
6050,10.0
6051,2.0
6052,2.0
6053,16.0
6054,14.0
6055,7.0
6056,4.0
6057,1.0
6058,3.0
6059,2.0
6060,13.0
6061,4.0
6062,17.0
6063,12.0
6064,5.0
6065,2.0
6066,7.0
6067,5.0
6068,1.0
6069,1.0
6070,3.0
6071,5.0
6072,9.0
6073,39.0
6074,3.0
6075,3.0
6076,4.0
6077,1.0
6078,1.0
6079,14.0
6080,2.0
6081,9.0
6082,12.0
6083,1.0
6084,3.0
6085,1.0
6086,15.0
6087,3.0
6088,7.0
6089,1.0
6090,3.0
6091,7.0
6092,6.0
6093,1.0
6094,3.0
6095,21.0
6096,1.0
6097,5.0
6098,9.0
6099,11.0
6100,2.0
6101,15.0
6102,1.0
6103,6.0
6104,2.0
6105,4.0
6106,11.0
6107,10.0
6108,10.0
6109,28.0
6110,1.0
6111,23.0
6112,1.0
6113,6.0
6114,5.0
6115,5.0
6116,6.0
6117,9.0
6118,3.0
6119,3.0
6120,6.0
6121,3.0
6122,9.0
6123,13.0
6124,2.0
6125,6.0
6126,2.0
6127,6.0
6128,3.0
6129,2.0
6130,7.0
6131,8.0
6132,3.0
6133,3.0
6134,7.0
6135,1.0
6136,7.0
6137,2.0
6138,8.0
6139,17.0
6140,3.0
6141,10.0
6142,4.0
6143,8.0
6144,2.0
6145,2.0
6146,4.0
6147,6.0
6148,4.0
6149,1.0
6150,2.0
6151,8.0
6152,6.0
6153,6.0
6154,3.0
6155,1.0
6156,9.0
6157,11.0
6158,14.0
6159,11.0
6160,12.0
6161,5.0
6162,9.0
6163,7.0
6164,10.0
6165,2.0
6166,16.0
6167,9.0
6168,2.0
6169,1.0
6170,3.0
6171,0
6172,8.0
6173,12.0
6174,1.0
6175,12.0
6176,3.0
6177,1.0
6178,7.0
6179,10.0
6180,1.0
6181,2.0
6182,6.0
6183,3.0
6184,6.0
6185,16.0
6186,14.0
6187,1.0
6188,5.0
6189,8.0
6190,14.0
6191,3.0
6192,1.0
6193,3.0
6194,7.0
6195,26.0
6196,8.0
6197,1.0
6198,10.0
6199,1.0
6200,3.0
6201,10.0
6202,6.0
6203,7.0
6204,10.0
6205,24.0
6206,5.0
6207,1.0
6208,3.0
6209,18.0
6210,6.0
6211,11.0
6212,7.0
6213,2.0
6214,21.0
6215,8.0
6216,10.0
6217,14.0
6218,2.0
6219,1.0
6220,5.0
6221,3.0
6222,10.0
6223,4.0
6224,4.0
6225,1.0
6226,5.0
6227,5.0
6228,9.0
6229,3.0
6230,2.0
6231,10.0
6232,1.0
6233,5.0
6234,6.0
6235,15.0
6236,2.0
6237,2.0
6238,9.0
6239,2.0
6240,7.0
6241,2.0
6242,2.0
6243,32.0
6244,11.0
6245,4.0
6246,9.0
6247,20.0
6248,12.0
6249,12.0
6250,9.0
6251,1.0
6252,2.0
6253,5.0
6254,0
6255,3.0
6256,11.0
6257,3.0
6258,6.0
6259,16.0
6260,3.0
6261,1.0
6262,9.0
6263,5.0
6264,13.0
6265,3.0
6266,10.0
6267,1.0
6268,2.0
6269,1.0
6270,6.0
6271,5.0
6272,9.0
6273,3.0
6274,1.0
6275,6.0
6276,6.0
6277,6.0
6278,12.0
6279,12.0
6280,3.0
6281,9.0
6282,3.0
6283,1.0
6284,2.0
6285,2.0
6286,6.0
6287,16.0
6288,3.0
6289,18.0
6290,2.0
6291,16.0
6292,3.0
6293,7.0
6294,1.0
6295,3.0
6296,2.0
6297,10.0
6298,4.0
6299,1.0
6300,1.0
6301,1.0
6302,15.0
6303,1.0
6304,3.0
6305,2.0
6306,34.0
6307,5.0
6308,19.0
6309,3.0
6310,16.0
6311,1.0
6312,14.0
6313,8.0
6314,8.0
6315,5.0
6316,9.0
6317,2.0
6318,7.0
6319,1.0
6320,3.0
6321,6.0
6322,7.0
6323,3.0
6324,5.0
6325,15.0
6326,2.0
6327,4.0
6328,1.0
6329,4.0
6330,4.0
6331,7.0
6332,10.0
6333,1.0
6334,1.0
6335,27.0
6336,8.0
6337,4.0
6338,1.0
6339,2.0
6340,8.0
6341,1.0
6342,3.0
6343,10.0
6344,9.0
6345,23.0
6346,1.0
6347,5.0
6348,7.0
6349,3.0
6350,6.0
6351,1.0
6352,6.0
6353,1.0
6354,7.0
6355,1.0
6356,3.0
6357,1.0
6358,5.0
6359,24.0
6360,1.0
6361,2.0
6362,3.0
6363,1.0
6364,5.0
6365,14.0
6366,9.0
6367,12.0
6368,1.0
6369,3.0
6370,2.0
6371,6.0
6372,12.0
6373,6.0
6374,4.0
6375,5.0
6376,11.0
6377,1.0
6378,4.0
6379,5.0
6380,8.0
6381,9.0
6382,2.0
6383,3.0
6384,5.0
6385,7.0
6386,17.0
6387,3.0
6388,3.0
6389,5.0
6390,26.0
6391,7.0
6392,1.0
6393,2.0
6394,5.0
6395,14.0
6396,1.0
6397,9.0
6398,2.0
6399,4.0
6400,6.0
6401,8.0
6402,2.0
6403,3.0
6404,4.0
6405,0
6406,4.0
6407,2.0
6408,7.0
6409,14.0
6410,5.0
6411,18.0
6412,6.0
6413,18.0
6414,6.0
6415,3.0
6416,16.0
6417,3.0
6418,4.0
6419,13.0
6420,9.0
6421,7.0
6422,10.0
6423,8.0
6424,9.0
6425,16.0
6426,15.0
6427,5.0
6428,1.0
6429,17.0
6430,5.0
6431,9.0
6432,5.0
6433,0
6434,1.0
6435,14.0
6436,20.0
6437,6.0
6438,5.0
6439,3.0
6440,24.0
6441,1.0
6442,11.0
6443,1.0
6444,20.0
6445,4.0
6446,5.0
6447,3.0
6448,2.0
6449,1.0
6450,8.0
6451,2.0
6452,12.0
6453,8.0
6454,6.0
6455,2.0
6456,1.0
6457,12.0
6458,1.0
6459,3.0
6460,5.0
6461,11.0
6462,3.0
6463,0
6464,1.0
6465,1.0
6466,4.0
6467,5.0
6468,5.0
6469,2.0
6470,5.0
6471,1.0
6472,5.0
6473,4.0
6474,5.0
6475,5.0
6476,6.0
6477,1.0
6478,17.0
6479,11.0
6480,2.0
6481,21.0
6482,3.0
6483,11.0
6484,18.0
6485,9.0
6486,10.0
6487,5.0
6488,3.0
6489,1.0
6490,3.0
6491,4.0
6492,12.0
6493,14.0
6494,1.0
6495,3.0
6496,1.0
6497,5.0
6498,3.0
6499,2.0
6500,11.0
6501,10.0
6502,23.0
6503,11.0
6504,4.0
6505,1.0
6506,22.0
6507,1.0
6508,7.0
6509,33.0
6510,2.0
6511,3.0
6512,0
6513,2.0
6514,5.0
6515,7.0
6516,0
6517,3.0
6518,1.0
6519,6.0
6520,5.0
6521,6.0
6522,3.0
6523,0
6524,1.0
6525,4.0
6526,13.0
6527,8.0
6528,19.0
6529,1.0
6530,11.0
6531,0
6532,6.0
6533,0
6534,0
6535,1.0
6536,9.0
6537,7.0
6538,2.0
6539,2.0
6540,28.0
6541,3.0
6542,8.0
6543,0
6544,1.0
6545,4.0
6546,2.0
6547,3.0
6548,15.0
6549,22.0
6550,3.0
6551,5.0
6552,20.0
6553,6.0
6554,5.0
6555,20.0
6556,11.0
6557,7.0
6558,2.0
6559,14.0
6560,2.0
6561,1.0
6562,12.0
6563,1.0
6564,10.0
6565,10.0
6566,1.0
6567,9.0
6568,2.0
6569,3.0
6570,3.0
6571,13.0
6572,2.0
6573,8.0
6574,9.0
6575,4.0
6576,4.0
6577,4.0
6578,1.0
6579,1.0
6580,24.0
6581,3.0
6582,1.0
6583,4.0
6584,12.0
6585,3.0
6586,8.0
6587,17.0
6588,3.0
6589,5.0
6590,2.0
6591,1.0
6592,4.0
6593,29.0
6594,1.0
6595,24.0
6596,12.0
6597,4.0
6598,6.0
6599,14.0
6600,3.0
6601,7.0
6602,5.0
6603,5.0
6604,3.0
6605,4.0
6606,5.0
6607,3.0
6608,3.0
6609,20.0
6610,8.0
6611,10.0
6612,7.0
6613,13.0
6614,2.0
6615,1.0
6616,2.0
6617,1.0
6618,8.0
6619,11.0
6620,2.0
6621,1.0
6622,1.0
6623,10.0
6624,14.0
6625,21.0
6626,5.0
6627,9.0
6628,10.0
6629,1.0
6630,4.0
6631,15.0
6632,7.0
6633,1.0
6634,2.0
6635,4.0
6636,16.0
6637,3.0
6638,2.0
6639,7.0
6640,3.0
6641,7.0
6642,21.0
6643,3.0
6644,8.0
6645,7.0
6646,3.0
6647,18.0
6648,5.0
6649,4.0
6650,29.0
6651,2.0
6652,2.0
6653,14.0
6654,0
6655,1.0
6656,11.0
6657,2.0
6658,5.0
6659,15.0
6660,4.0
6661,2.0
6662,2.0
6663,4.0
6664,13.0
6665,1.0
6666,5.0
6667,3.0
6668,1.0
6669,0
6670,6.0
6671,39.0
6672,5.0
6673,18.0
6674,2.0
6675,3.0
6676,6.0
6677,3.0
6678,3.0
6679,5.0
6680,7.0
6681,6.0
6682,0
6683,10.0
6684,5.0
6685,1.0
6686,6.0
6687,2.0
6688,15.0
6689,19.0
6690,2.0
6691,10.0
6692,3.0
6693,40.0
6694,14.0
6695,11.0
6696,20.0
6697,5.0
6698,12.0
6699,27.0
6700,6.0
6701,6.0
6702,12.0
6703,10.0
6704,12.0
6705,1.0
6706,10.0
6707,1.0
6708,8.0
6709,15.0
6710,3.0
6711,2.0
6712,8.0
6713,6.0
6714,1.0
6715,0
6716,7.0
6717,2.0
6718,3.0
6719,18.0
6720,0
6721,12.0
6722,2.0
6723,0
6724,24.0
6725,2.0
6726,25.0
6727,5.0
6728,12.0
6729,8.0
6730,5.0
6731,4.0
6732,5.0
6733,3.0
6734,5.0
6735,4.0
6736,11.0
6737,21.0
6738,14.0
6739,10.0
6740,3.0
6741,15.0
6742,8.0
6743,6.0
6744,19.0
6745,4.0
6746,4.0
6747,9.0
6748,8.0
6749,2.0
6750,1.0
6751,9.0
6752,6.0
6753,6.0
6754,1.0
6755,4.0
6756,2.0
6757,0
6758,20.0
6759,1.0
6760,6.0
6761,4.0
6762,2.0
6763,4.0
6764,1.0
6765,17.0
6766,13.0
6767,9.0
6768,1.0
6769,14.0
6770,6.0
6771,19.0
6772,3.0
6773,3.0
6774,6.0
6775,5.0
6776,3.0
6777,5.0
6778,3.0
6779,29.0
6780,12.0
6781,15.0
6782,1.0
6783,16.0
6784,16.0
6785,0
6786,1.0
6787,5.0
6788,17.0
6789,4.0
6790,2.0
6791,6.0
6792,4.0
6793,1.0
6794,12.0
6795,3.0
6796,0
6797,4.0
6798,9.0
6799,4.0
6800,4.0
6801,4.0
6802,13.0
6803,11.0
6804,14.0
6805,1.0
6806,12.0
6807,15.0
6808,6.0
6809,7.0
6810,8.0
6811,16.0
6812,8.0
6813,13.0
6814,8.0
6815,24.0
6816,3.0
6817,13.0
6818,6.0
6819,19.0
6820,1.0
6821,31.0
6822,5.0
6823,6.0
6824,20.0
6825,3.0
6826,10.0
6827,4.0
6828,12.0
6829,3.0
6830,6.0
6831,4.0
6832,4.0
6833,2.0
6834,10.0
6835,2.0
6836,1.0
6837,2.0
6838,2.0
6839,6.0
6840,12.0
6841,4.0
6842,7.0
6843,0
6844,35.0
6845,20.0
6846,1.0
6847,9.0
6848,1.0
6849,1.0
6850,2.0
6851,4.0
6852,3.0
6853,8.0
6854,6.0
6855,1.0
6856,1.0
6857,5.0
6858,3.0
6859,6.0
6860,3.0
6861,2.0
6862,5.0
6863,0
6864,2.0
6865,4.0
6866,16.0
6867,9.0
6868,2.0
6869,1.0
6870,23.0
6871,27.0
6872,4.0
6873,3.0
6874,1.0
6875,3.0
6876,2.0
6877,9.0
6878,2.0
6879,16.0
6880,1.0
6881,7.0
6882,2.0
6883,3.0
6884,2.0
6885,7.0
6886,3.0
6887,1.0
6888,3.0
6889,6.0
6890,2.0
6891,2.0
6892,20.0
6893,3.0
6894,6.0
6895,1.0
6896,3.0
6897,13.0
6898,17.0
6899,3.0
6900,17.0
6901,3.0
6902,2.0
6903,13.0
6904,1.0
6905,4.0
6906,3.0
6907,9.0
6908,4.0
6909,1.0
6910,7.0
6911,3.0
6912,1.0
6913,10.0
6914,3.0
6915,12.0
6916,6.0
6917,5.0
6918,2.0
6919,2.0
6920,12.0
6921,4.0
6922,2.0
6923,4.0
6924,3.0
6925,3.0
6926,3.0
6927,6.0
6928,2.0
6929,15.0
6930,20.0
6931,4.0
6932,0
6933,3.0
6934,24.0
6935,4.0
6936,6.0
6937,13.0
6938,2.0
6939,1.0
6940,0
6941,4.0
6942,3.0
6943,15.0
6944,3.0
6945,2.0
6946,8.0
6947,1.0
6948,8.0
6949,11.0
6950,2.0
6951,8.0
6952,4.0
6953,0
6954,15.0
6955,1.0
6956,4.0
6957,6.0
6958,7.0
6959,9.0
6960,1.0
6961,5.0
6962,24.0
6963,5.0
6964,7.0
6965,0
6966,11.0
6967,4.0
6968,20.0
6969,8.0
6970,5.0
6971,1.0
6972,8.0
6973,6.0
6974,7.0
6975,1.0
6976,28.0
6977,17.0
6978,15.0
6979,1.0
6980,1.0
6981,2.0
6982,4.0
6983,1.0
6984,3.0
6985,2.0
6986,2.0
6987,3.0
6988,10.0
6989,2.0
6990,2.0
6991,6.0
6992,15.0
6993,6.0
6994,6.0
6995,2.0
6996,9.0
6997,9.0
6998,2.0
6999,20.0
7000,2.0
7001,17.0
7002,20.0
7003,1.0
7004,10.0
7005,4.0
7006,8.0
7007,0
7008,0
7009,2.0
7010,7.0
7011,1.0
7012,8.0
7013,12.0
7014,0
7015,2.0
7016,9.0
7017,5.0
7018,10.0
7019,1.0
7020,0
7021,7.0
7022,7.0
7023,1.0
7024,18.0
7025,4.0
7026,1.0
7027,1.0
7028,5.0
7029,18.0
7030,9.0
7031,12.0
7032,2.0
7033,4.0
7034,8.0
7035,12.0
7036,5.0
7037,11.0
7038,2.0
7039,16.0
7040,2.0
7041,3.0
7042,2.0
7043,4.0
7044,19.0
7045,4.0
7046,14.0
7047,5.0
7048,2.0
7049,2.0
7050,2.0
7051,5.0
7052,8.0
7053,2.0
7054,8.0
7055,20.0
7056,4.0
7057,10.0
7058,1.0
7059,15.0
7060,11.0
7061,6.0
7062,5.0
7063,2.0
7064,3.0
7065,5.0
7066,1.0
7067,1.0
7068,5.0
7069,8.0
7070,14.0
7071,35.0
7072,1.0
7073,0
7074,6.0
7075,4.0
7076,14.0
7077,2.0
7078,4.0
7079,4.0
7080,4.0
7081,14.0
7082,6.0
7083,8.0
7084,3.0
7085,2.0
7086,8.0
7087,0
7088,4.0
7089,4.0
7090,8.0
7091,0
7092,10.0
7093,2.0
7094,11.0
7095,8.0
7096,6.0
7097,0
7098,10.0
7099,4.0
7100,27.0
7101,4.0
7102,10.0
7103,4.0
7104,0
7105,10.0
7106,14.0
7107,9.0
7108,1.0
7109,4.0
7110,31.0
7111,1.0
7112,7.0
7113,11.0
7114,1.0
7115,11.0
7116,35.0
7117,1.0
7118,11.0
7119,4.0
7120,5.0
7121,3.0
7122,3.0
7123,7.0
7124,1.0
7125,8.0
7126,2.0
7127,13.0
7128,6.0
7129,13.0
7130,4.0
7131,1.0
7132,15.0
7133,12.0
7134,4.0
7135,19.0
7136,1.0
7137,5.0
7138,2.0
7139,3.0
7140,4.0
7141,21.0
7142,10.0
7143,5.0
7144,8.0
7145,4.0
7146,11.0
7147,11.0
7148,1.0
7149,8.0
7150,1.0
7151,9.0
7152,17.0
7153,6.0
7154,18.0
7155,12.0
7156,1.0
7157,4.0
7158,3.0
7159,1.0
7160,19.0
7161,8.0
7162,38.0
7163,8.0
7164,4.0
7165,2.0
7166,1.0
7167,1.0
7168,1.0
7169,13.0
7170,2.0
7171,5.0
7172,1.0
7173,1.0
7174,14.0
7175,3.0
7176,6.0
7177,2.0
7178,10.0
7179,17.0
7180,15.0
7181,5.0
7182,2.0
7183,2.0
7184,4.0
7185,9.0
7186,7.0
7187,2.0
7188,3.0
7189,1.0
7190,9.0
7191,13.0
7192,2.0
7193,20.0
7194,2.0
7195,2.0
7196,1.0
7197,6.0
7198,7.0
7199,7.0
7200,7.0
7201,5.0
7202,6.0
7203,5.0
7204,5.0
7205,17.0
7206,7.0
7207,1.0
7208,2.0
7209,4.0
7210,1.0
7211,15.0
7212,16.0
7213,16.0
7214,1.0
7215,7.0
7216,2.0
7217,4.0
7218,1.0
7219,1.0
7220,2.0
7221,4.0
7222,14.0
7223,2.0
7224,2.0
7225,1.0
7226,6.0
7227,1.0
7228,3.0
7229,1.0
7230,4.0
7231,2.0
7232,12.0
7233,6.0
7234,5.0
7235,7.0
7236,9.0
7237,4.0
7238,13.0
7239,2.0
7240,13.0
7241,3.0
7242,31.0
7243,1.0
7244,12.0
7245,5.0
7246,11.0
7247,4.0
7248,18.0
7249,6.0
7250,2.0
7251,2.0
7252,10.0
7253,8.0
7254,16.0
7255,4.0
7256,1.0
7257,9.0
7258,7.0
7259,5.0
7260,2.0
7261,1.0
7262,5.0
7263,3.0
7264,5.0
7265,21.0
7266,11.0
7267,2.0
7268,7.0
7269,12.0
7270,9.0
7271,32.0
7272,4.0
7273,4.0
7274,10.0
7275,19.0
7276,5.0
7277,15.0
7278,9.0
7279,6.0
7280,7.0
7281,1.0
7282,23.0
7283,5.0
7284,0
7285,4.0
7286,6.0
7287,2.0
7288,6.0
7289,4.0
7290,18.0
7291,3.0
7292,8.0
7293,5.0
7294,6.0
7295,11.0
7296,5.0
7297,12.0
7298,15.0
7299,9.0
7300,6.0
7301,6.0
7302,4.0
7303,6.0
7304,5.0
7305,6.0
7306,2.0
7307,3.0
7308,29.0
7309,9.0
7310,14.0
7311,3.0
7312,2.0
7313,5.0
7314,0
7315,15.0
7316,3.0
7317,4.0
7318,14.0
7319,7.0
7320,6.0
7321,5.0
7322,5.0
7323,8.0
7324,4.0
7325,3.0
7326,2.0
7327,1.0
7328,18.0
7329,2.0
7330,8.0
7331,2.0
7332,25.0
7333,8.0
7334,5.0
7335,2.0
7336,6.0
7337,8.0
7338,4.0
7339,3.0
7340,7.0
7341,1.0
7342,13.0
7343,4.0
7344,2.0
7345,13.0
7346,7.0
7347,4.0
7348,4.0
7349,25.0
7350,4.0
7351,12.0
7352,10.0
7353,3.0
7354,3.0
7355,22.0
7356,5.0
7357,2.0
7358,5.0
7359,14.0
7360,8.0
7361,2.0
7362,8.0
7363,4.0
7364,7.0
7365,1.0
7366,1.0
7367,7.0
7368,5.0
7369,4.0
7370,3.0
7371,1.0
7372,1.0
7373,7.0
7374,5.0
7375,1.0
7376,3.0
7377,22.0
7378,4.0
7379,3.0
7380,2.0
7381,2.0
7382,3.0
7383,8.0
7384,12.0
7385,2.0
7386,4.0
7387,5.0
7388,8.0
7389,9.0
7390,4.0
7391,4.0
7392,2.0
7393,7.0
7394,12.0
7395,23.0
7396,3.0
7397,3.0
7398,1.0
7399,5.0
7400,12.0
7401,1.0
7402,6.0
7403,6.0
7404,4.0
7405,2.0
7406,10.0
7407,4.0
7408,8.0
7409,11.0
7410,7.0
7411,1.0
7412,2.0
7413,1.0
7414,6.0
7415,1.0
7416,5.0
7417,1.0
7418,19.0
7419,1.0
7420,8.0
7421,3.0
7422,3.0
7423,8.0
7424,2.0
7425,3.0
7426,20.0
7427,2.0
7428,15.0
7429,5.0
7430,5.0
7431,2.0
7432,1.0
7433,1.0
7434,1.0
7435,11.0
7436,2.0
7437,6.0
7438,3.0
7439,3.0
7440,5.0
7441,1.0
7442,6.0
7443,2.0
7444,1.0
7445,5.0
7446,2.0
7447,4.0
7448,5.0
7449,5.0
7450,6.0
7451,11.0
7452,14.0
7453,0
7454,1.0
7455,6.0
7456,8.0
7457,9.0
7458,3.0
7459,19.0
7460,12.0
7461,19.0
7462,3.0
7463,6.0
7464,11.0
7465,18.0
7466,5.0
7467,3.0
7468,1.0
7469,3.0
7470,3.0
7471,13.0
7472,1.0
7473,9.0
7474,4.0
7475,62.0
7476,6.0
7477,10.0
7478,1.0
7479,2.0
7480,1.0
7481,1.0
7482,8.0
7483,6.0
7484,4.0
7485,4.0
7486,4.0
7487,0
7488,7.0
7489,3.0
7490,2.0
7491,7.0
7492,1.0
7493,3.0
7494,7.0
7495,15.0
7496,2.0
7497,2.0
7498,1.0
7499,4.0
7500,7.0
7501,17.0
7502,6.0
7503,6.0
7504,20.0
7505,7.0
7506,7.0
7507,10.0
7508,1.0
7509,5.0
7510,0
7511,1.0
7512,2.0
7513,5.0
7514,3.0
7515,12.0
7516,9.0
7517,4.0
7518,3.0
7519,2.0
7520,23.0
7521,2.0
7522,9.0
7523,4.0
7524,4.0
7525,3.0
7526,3.0
7527,2.0
7528,13.0
7529,10.0
7530,21.0
7531,22.0
7532,3.0
7533,1.0
7534,1.0
7535,3.0
7536,17.0
7537,11.0
7538,2.0
7539,0
7540,14.0
7541,1.0
7542,12.0
7543,3.0
7544,5.0
7545,2.0
7546,13.0
7547,13.0
7548,5.0
7549,4.0
7550,20.0
7551,7.0
7552,23.0
7553,10.0
7554,4.0
7555,3.0
7556,17.0
7557,5.0
7558,9.0
7559,1.0
7560,7.0
7561,9.0
7562,1.0
7563,16.0
7564,5.0
7565,3.0
7566,8.0
7567,3.0
7568,9.0
7569,4.0
7570,2.0
7571,5.0
7572,1.0
7573,2.0
7574,2.0
7575,6.0
7576,1.0
7577,18.0
7578,5.0
7579,3.0
7580,6.0
7581,4.0
7582,5.0
7583,2.0
7584,10.0
7585,7.0
7586,13.0
7587,10.0
7588,10.0
7589,29.0
7590,0
7591,3.0
7592,10.0
7593,10.0
7594,11.0
7595,9.0
7596,3.0
7597,4.0
7598,8.0
7599,1.0
7600,5.0
7601,4.0
7602,1.0
7603,10.0
7604,18.0
7605,16.0
7606,12.0
7607,9.0
7608,14.0
7609,3.0
7610,3.0
7611,1.0
7612,3.0
7613,7.0
7614,0
7615,2.0
7616,6.0
7617,16.0
7618,17.0
7619,1.0
7620,7.0
7621,10.0
7622,6.0
7623,3.0
7624,3.0
7625,0
7626,4.0
7627,6.0
7628,4.0
7629,1.0
7630,3.0
7631,1.0
7632,2.0
7633,19.0
7634,4.0
7635,9.0
7636,2.0
7637,3.0
7638,2.0
7639,2.0
7640,1.0
7641,3.0
7642,12.0
7643,2.0
7644,9.0
7645,9.0
7646,0
7647,1.0
7648,2.0
7649,9.0
7650,3.0
7651,3.0
7652,2.0
7653,16.0
7654,9.0
7655,7.0
7656,29.0
7657,1.0
7658,6.0
7659,11.0
7660,0
7661,10.0
7662,5.0
7663,18.0
7664,2.0
7665,12.0
7666,2.0
7667,4.0
7668,1.0
7669,5.0
7670,2.0
7671,2.0
7672,4.0
7673,14.0
7674,3.0
7675,1.0
7676,1.0
7677,7.0
7678,6.0
7679,22.0
7680,5.0
7681,3.0
7682,2.0
7683,2.0
7684,3.0
7685,2.0
7686,5.0
7687,1.0
7688,2.0
7689,1.0
7690,0
7691,10.0
7692,3.0
7693,0
7694,1.0
7695,6.0
7696,4.0
7697,7.0
7698,7.0
7699,5.0
7700,1.0
7701,1.0
7702,5.0
7703,1.0
7704,7.0
7705,9.0
7706,3.0
7707,5.0
7708,28.0
7709,2.0
7710,7.0
7711,8.0
7712,1.0
7713,5.0
7714,1.0
7715,12.0
7716,11.0
7717,6.0
7718,20.0
7719,18.0
7720,0
7721,25.0
7722,5.0
7723,1.0
7724,1.0
7725,6.0
7726,5.0
7727,6.0
7728,8.0
7729,6.0
7730,6.0
7731,4.0
7732,8.0
7733,8.0
7734,0
7735,4.0
7736,17.0
7737,0
7738,1.0
7739,8.0
7740,2.0
7741,2.0
7742,5.0
7743,7.0
7744,9.0
7745,3.0
7746,7.0
7747,4.0
7748,1.0
7749,4.0
7750,4.0
7751,12.0
7752,2.0
7753,1.0
7754,16.0
7755,3.0
7756,2.0
7757,1.0
7758,1.0
7759,3.0
7760,2.0
7761,4.0
7762,2.0
7763,2.0
7764,2.0
7765,13.0
7766,4.0
7767,6.0
7768,2.0
7769,3.0
7770,1.0
7771,2.0
7772,1.0
7773,12.0
7774,1.0
7775,7.0
7776,6.0
7777,5.0
7778,6.0
7779,0
7780,3.0
7781,2.0
7782,12.0
7783,21.0
7784,4.0
7785,5.0
7786,7.0
7787,1.0
7788,1.0
7789,4.0
7790,16.0
7791,3.0
7792,1.0
7793,4.0
7794,7.0
7795,12.0
7796,1.0
7797,8.0
7798,11.0
7799,2.0
7800,6.0
7801,5.0
7802,2.0
7803,3.0
7804,0
7805,8.0
7806,8.0
7807,9.0
7808,7.0
7809,3.0
7810,2.0
7811,14.0
7812,2.0
7813,6.0
7814,8.0
7815,1.0
7816,2.0
7817,8.0
7818,2.0
7819,13.0
7820,12.0
7821,1.0
7822,5.0
7823,5.0
7824,2.0
7825,2.0
7826,8.0
7827,5.0
7828,2.0
7829,6.0
7830,0
7831,5.0
7832,11.0
7833,3.0
7834,20.0
7835,5.0
7836,7.0
7837,5.0
7838,4.0
7839,1.0
7840,11.0
7841,5.0
7842,17.0
7843,4.0
7844,4.0
7845,2.0
7846,9.0
7847,3.0
7848,15.0
7849,2.0
7850,6.0
7851,12.0
7852,11.0
7853,3.0
7854,2.0
7855,11.0
7856,4.0
7857,9.0
7858,8.0
7859,14.0
7860,3.0
7861,5.0
7862,12.0
7863,24.0
7864,4.0
7865,3.0
7866,1.0
7867,7.0
7868,2.0
7869,33.0
7870,10.0
7871,1.0
7872,1.0
7873,2.0
7874,5.0
7875,16.0
7876,16.0
7877,3.0
7878,20.0
7879,5.0
7880,6.0
7881,9.0
7882,15.0
7883,11.0
7884,9.0
7885,1.0
7886,30.0
7887,2.0
7888,9.0
7889,7.0
7890,9.0
7891,13.0
7892,8.0
7893,5.0
7894,6.0
7895,15.0
7896,2.0
7897,11.0
7898,4.0
7899,19.0
7900,15.0
7901,26.0
7902,5.0
7903,3.0
7904,7.0
7905,16.0
7906,7.0
7907,1.0
7908,9.0
7909,0
7910,18.0
7911,2.0
7912,11.0
7913,6.0
7914,4.0
7915,4.0
7916,1.0
7917,6.0
7918,8.0
7919,9.0
7920,6.0
7921,1.0
7922,3.0
7923,2.0
7924,6.0
7925,4.0
7926,4.0
7927,1.0
7928,3.0
7929,9.0
7930,2.0
7931,5.0
7932,4.0
7933,8.0
7934,3.0
7935,6.0
7936,4.0
7937,8.0
7938,2.0
7939,2.0
7940,3.0
7941,4.0
7942,8.0
7943,8.0
7944,1.0
7945,10.0
7946,7.0
7947,2.0
7948,3.0
7949,4.0
7950,1.0
7951,3.0
7952,11.0
7953,11.0
7954,4.0
7955,4.0
7956,7.0
7957,2.0
7958,2.0
7959,7.0
7960,6.0
7961,10.0
7962,1.0
7963,1.0
7964,4.0
7965,7.0
7966,1.0
7967,0
7968,1.0
7969,2.0
7970,0
7971,9.0
7972,7.0
7973,5.0
7974,8.0
7975,11.0
7976,17.0
7977,19.0
7978,15.0
7979,7.0
7980,2.0
7981,2.0
7982,1.0
7983,9.0
7984,1.0
7985,2.0
7986,6.0
7987,1.0
7988,9.0
7989,5.0
7990,1.0
7991,3.0
7992,8.0
7993,16.0
7994,3.0
7995,1.0
7996,7.0
7997,1.0
7998,2.0
7999,1.0
8000,2.0
8001,5.0
8002,4.0
8003,3.0
8004,9.0
8005,8.0
8006,16.0
8007,1.0
8008,2.0
8009,3.0
8010,12.0
8011,7.0
8012,6.0
8013,28.0
8014,12.0
8015,3.0
8016,2.0
8017,1.0
8018,1.0
8019,0
8020,1.0
8021,2.0
8022,20.0
8023,13.0
8024,22.0
8025,1.0
8026,2.0
8027,11.0
8028,5.0
8029,3.0
8030,4.0
8031,4.0
8032,16.0
8033,3.0
8034,7.0
8035,22.0
8036,12.0
8037,16.0
8038,3.0
8039,19.0
8040,6.0
8041,11.0
8042,1.0
8043,14.0
8044,2.0
8045,20.0
8046,3.0
8047,3.0
8048,3.0
8049,5.0
8050,13.0
8051,9.0
8052,1.0
8053,1.0
8054,8.0
8055,7.0
8056,2.0
8057,4.0
8058,7.0
8059,13.0
8060,3.0
8061,5.0
8062,19.0
8063,1.0
8064,10.0
8065,16.0
8066,6.0
8067,8.0
8068,3.0
8069,15.0
8070,3.0
8071,1.0
8072,2.0
8073,3.0
8074,4.0
8075,9.0
8076,6.0
8077,2.0
8078,6.0
8079,9.0
8080,2.0
8081,7.0
8082,13.0
8083,2.0
8084,5.0
8085,1.0
8086,2.0
8087,1.0
8088,17.0
8089,2.0
8090,3.0
8091,0
8092,4.0
8093,1.0
8094,10.0
8095,1.0
8096,7.0
8097,12.0
8098,29.0
8099,1.0
8100,2.0
8101,13.0
8102,4.0
8103,15.0
8104,1.0
8105,20.0
8106,8.0
8107,2.0
8108,8.0
8109,1.0
8110,1.0
8111,9.0
8112,4.0
8113,4.0
8114,6.0
8115,19.0
8116,3.0
8117,1.0
8118,6.0
8119,1.0
8120,21.0
8121,9.0
8122,7.0
8123,3.0
8124,31.0
8125,1.0
8126,2.0
8127,7.0
8128,8.0
8129,26.0
8130,3.0
8131,3.0
8132,17.0
8133,6.0
8134,15.0
8135,4.0
8136,4.0
8137,5.0
8138,1.0
8139,11.0
8140,11.0
8141,7.0
8142,0
8143,3.0
8144,3.0
8145,16.0
8146,1.0
8147,3.0
8148,11.0
8149,9.0
8150,1.0
8151,6.0
8152,1.0
8153,2.0
8154,1.0
8155,1.0
8156,6.0
8157,6.0
8158,6.0
8159,3.0
8160,4.0
8161,1.0
8162,5.0
8163,2.0
8164,6.0
8165,8.0
8166,1.0
8167,0
8168,17.0
8169,9.0
8170,21.0
8171,2.0
8172,10.0
8173,4.0
8174,1.0
8175,6.0
8176,7.0
8177,4.0
8178,0
8179,3.0
8180,10.0
8181,4.0
8182,7.0
8183,13.0
8184,2.0
8185,7.0
8186,18.0
8187,3.0
8188,14.0
8189,0
8190,3.0
8191,9.0
8192,2.0
8193,4.0
8194,2.0
8195,6.0
8196,4.0
8197,9.0
8198,21.0
8199,9.0
8200,5.0
8201,16.0
8202,3.0
8203,1.0
8204,2.0
8205,15.0
8206,6.0
8207,3.0
8208,5.0
8209,0
8210,1.0
8211,2.0
8212,6.0
8213,14.0
8214,4.0
8215,23.0
8216,3.0
8217,2.0
8218,14.0
8219,3.0
8220,6.0
8221,10.0
8222,0
8223,6.0
8224,2.0
8225,4.0
8226,35.0
8227,1.0
8228,2.0
8229,3.0
8230,0
8231,2.0
8232,3.0
8233,2.0
8234,10.0
8235,3.0
8236,7.0
8237,10.0
8238,1.0
8239,0
8240,5.0
8241,20.0
8242,6.0
8243,2.0
8244,18.0
8245,2.0
8246,9.0
8247,12.0
8248,11.0
8249,9.0
8250,2.0
8251,3.0
8252,24.0
8253,11.0
8254,3.0
8255,9.0
8256,1.0
8257,4.0
8258,4.0
8259,4.0
8260,1.0
8261,6.0
8262,5.0
8263,7.0
8264,7.0
8265,2.0
8266,17.0
8267,14.0
8268,5.0
8269,5.0
8270,4.0
8271,6.0
8272,3.0
8273,2.0
8274,15.0
8275,15.0
8276,4.0
8277,7.0
8278,5.0
8279,10.0
8280,9.0
8281,7.0
8282,11.0
8283,7.0
8284,9.0
8285,5.0
8286,3.0
8287,3.0
8288,5.0
8289,9.0
8290,7.0
8291,12.0
8292,18.0
8293,4.0
8294,2.0
8295,13.0
8296,2.0
8297,13.0
8298,3.0
8299,0
8300,5.0
8301,1.0
8302,3.0
8303,1.0
8304,16.0
8305,12.0
8306,5.0
8307,7.0
8308,7.0
8309,7.0
8310,8.0
8311,8.0
8312,9.0
8313,2.0
8314,3.0
8315,2.0
8316,8.0
8317,0
8318,9.0
8319,4.0
8320,3.0
8321,2.0
8322,1.0
8323,3.0
8324,2.0
8325,5.0
8326,12.0
8327,11.0
8328,9.0
8329,9.0
8330,2.0
8331,5.0
8332,3.0
8333,1.0
8334,8.0
8335,6.0
8336,10.0
8337,7.0
8338,2.0
8339,2.0
8340,1.0
8341,14.0
8342,5.0
8343,2.0
8344,2.0
8345,2.0
8346,3.0
8347,5.0
8348,4.0
8349,3.0
8350,2.0
8351,9.0
8352,3.0
8353,20.0
8354,3.0
8355,8.0
8356,2.0
8357,4.0
8358,3.0
8359,3.0
8360,2.0
8361,1.0
8362,3.0
8363,3.0
8364,14.0
8365,2.0
8366,13.0
8367,12.0
8368,3.0
8369,7.0
8370,4.0
8371,7.0
8372,2.0
8373,9.0
8374,2.0
8375,15.0
8376,23.0
8377,1.0
8378,3.0
8379,10.0
8380,1.0
8381,5.0
8382,4.0
8383,6.0
8384,17.0
8385,5.0
8386,6.0
8387,3.0
8388,5.0
8389,1.0
8390,2.0
8391,3.0
8392,5.0
8393,3.0
8394,10.0
8395,11.0
8396,2.0
8397,3.0
8398,10.0
8399,12.0
8400,3.0
8401,22.0
8402,3.0
8403,3.0
8404,7.0
8405,3.0
8406,7.0
8407,15.0
8408,5.0
8409,7.0
8410,5.0
8411,13.0
8412,6.0
8413,1.0
8414,4.0
8415,7.0
8416,14.0
8417,2.0
8418,2.0
8419,2.0
8420,4.0
8421,19.0
8422,4.0
8423,6.0
8424,10.0
8425,11.0
8426,1.0
8427,8.0
8428,1.0
8429,9.0
8430,1.0
8431,23.0
8432,1.0
8433,7.0
8434,3.0
8435,20.0
8436,7.0
8437,19.0
8438,1.0
8439,17.0
8440,1.0
8441,6.0
8442,1.0
8443,6.0
8444,2.0
8445,5.0
8446,9.0
8447,1.0
8448,20.0
8449,4.0
8450,6.0
8451,7.0
8452,5.0
8453,1.0
8454,4.0
8455,2.0
8456,1.0
8457,9.0
8458,0
8459,2.0
8460,15.0
8461,1.0
8462,9.0
8463,12.0
8464,5.0
8465,13.0
8466,5.0
8467,4.0
8468,9.0
8469,8.0
8470,2.0
8471,13.0
8472,1.0
8473,3.0
8474,15.0
8475,1.0
8476,13.0
8477,8.0
8478,11.0
8479,5.0
8480,1.0
8481,7.0
8482,19.0
8483,1.0
8484,38.0
8485,10.0
8486,7.0
8487,0
8488,1.0
8489,5.0
8490,21.0
8491,11.0
8492,3.0
8493,11.0
8494,3.0
8495,1.0
8496,8.0
8497,10.0
8498,1.0
8499,6.0
8500,7.0
8501,12.0
8502,4.0
8503,1.0
8504,10.0
8505,15.0
8506,1.0
8507,1.0
8508,5.0
8509,6.0
8510,8.0
8511,1.0
8512,5.0
8513,1.0
8514,11.0
8515,2.0
8516,12.0
8517,9.0
8518,2.0
8519,7.0
8520,2.0
8521,12.0
8522,2.0
8523,7.0
8524,3.0
8525,3.0
8526,11.0
8527,4.0
8528,3.0
8529,0
8530,2.0
8531,1.0
8532,3.0
8533,6.0
8534,10.0
8535,2.0
8536,0
8537,1.0
8538,9.0
8539,33.0
8540,19.0
8541,7.0
8542,13.0
8543,12.0
8544,7.0
8545,3.0
8546,10.0
8547,1.0
8548,3.0
8549,3.0
8550,8.0
8551,8.0
8552,17.0
8553,1.0
8554,12.0
8555,1.0
8556,2.0
8557,7.0
8558,4.0
8559,7.0
8560,2.0
8561,6.0
8562,1.0
8563,8.0
8564,3.0
8565,10.0
8566,2.0
8567,1.0
8568,2.0
8569,0
8570,6.0
8571,11.0
8572,3.0
8573,2.0
8574,18.0
8575,12.0
8576,5.0
8577,12.0
8578,3.0
8579,17.0
8580,5.0
8581,15.0
8582,13.0
8583,13.0
8584,1.0
8585,14.0
8586,14.0
8587,8.0
8588,4.0
8589,5.0
8590,7.0
8591,7.0
8592,0
8593,4.0
8594,3.0
8595,1.0
8596,10.0
8597,0
8598,4.0
8599,9.0
8600,14.0
8601,7.0
8602,1.0
8603,15.0
8604,15.0
8605,7.0
8606,9.0
8607,3.0
8608,6.0
8609,12.0
8610,1.0
8611,7.0
8612,8.0
8613,4.0
8614,28.0
8615,17.0
8616,13.0
8617,20.0
8618,8.0
8619,27.0
8620,13.0
8621,2.0
8622,2.0
8623,18.0
8624,1.0
8625,2.0
8626,23.0
8627,14.0
8628,13.0
8629,19.0
8630,11.0
8631,9.0
8632,10.0
8633,3.0
8634,11.0
8635,2.0
8636,1.0
8637,8.0
8638,2.0
8639,7.0
8640,3.0
8641,5.0
8642,1.0
8643,1.0
8644,2.0
8645,3.0
8646,1.0
8647,2.0
8648,10.0
8649,4.0
8650,5.0
8651,9.0
8652,7.0
8653,4.0
8654,6.0
8655,9.0
8656,2.0
8657,8.0
8658,7.0
8659,3.0
8660,8.0
8661,3.0
8662,8.0
8663,8.0
8664,1.0
8665,13.0
8666,2.0
8667,3.0
8668,4.0
8669,6.0
8670,5.0
8671,4.0
8672,24.0
8673,1.0
8674,3.0
8675,5.0
8676,7.0
8677,1.0
8678,10.0
8679,9.0
8680,3.0
8681,2.0
8682,6.0
8683,2.0
8684,2.0
8685,9.0
8686,5.0
8687,4.0
8688,5.0
8689,6.0
8690,16.0
8691,23.0
8692,7.0
8693,4.0
8694,1.0
8695,2.0
8696,2.0
8697,4.0
8698,1.0
8699,8.0
8700,9.0
8701,3.0
8702,4.0
8703,9.0
8704,4.0
8705,2.0
8706,2.0
8707,6.0
8708,1.0
8709,2.0
8710,1.0
8711,10.0
8712,7.0
8713,5.0
8714,20.0
8715,3.0
8716,3.0
8717,6.0
8718,3.0
8719,2.0
8720,6.0
8721,9.0
8722,7.0
8723,12.0
8724,4.0
8725,2.0
8726,3.0
8727,8.0
8728,3.0
8729,2.0
8730,1.0
8731,7.0
8732,1.0
8733,8.0
8734,7.0
8735,11.0
8736,5.0
8737,2.0
8738,0
8739,7.0
8740,3.0
8741,17.0
8742,4.0
8743,4.0
8744,5.0
8745,5.0
8746,15.0
8747,18.0
8748,1.0
8749,5.0
8750,21.0
8751,2.0
8752,4.0
8753,11.0
8754,1.0
8755,18.0
8756,12.0
8757,2.0
8758,40.0
8759,4.0
8760,16.0
8761,11.0
8762,3.0
8763,1.0
8764,2.0
8765,3.0
8766,3.0
8767,12.0
8768,12.0
8769,4.0
8770,3.0
8771,3.0
8772,3.0
8773,4.0
8774,1.0
8775,8.0
8776,13.0
8777,1.0
8778,13.0
8779,3.0
8780,7.0
8781,14.0
8782,6.0
8783,5.0
8784,2.0
8785,16.0
8786,5.0
8787,11.0
8788,9.0
8789,10.0
8790,9.0
8791,2.0
8792,4.0
8793,0
8794,20.0
8795,2.0
8796,22.0
8797,1.0
8798,1.0
8799,15.0
8800,5.0
8801,12.0
8802,3.0
8803,10.0
8804,4.0
8805,4.0
8806,0
8807,11.0
8808,0
8809,8.0
8810,4.0
8811,0
8812,10.0
8813,8.0
8814,1.0
8815,11.0
8816,2.0
8817,3.0
8818,8.0
8819,1.0
8820,24.0
8821,2.0
8822,8.0
8823,1.0
8824,11.0
8825,6.0
8826,11.0
8827,5.0
8828,0
8829,9.0
8830,11.0
8831,1.0
8832,3.0
8833,4.0
8834,5.0
8835,21.0
8836,9.0
8837,18.0
8838,3.0
8839,18.0
8840,0
8841,1.0
8842,18.0
8843,7.0
8844,3.0
8845,9.0
8846,3.0
8847,5.0
8848,9.0
8849,1.0
8850,2.0
8851,16.0
8852,10.0
8853,18.0
8854,1.0
8855,7.0
8856,12.0
8857,1.0
8858,15.0
8859,13.0
8860,2.0
8861,4.0
8862,2.0
8863,7.0
8864,3.0
8865,0
8866,5.0
8867,3.0
8868,2.0
8869,7.0
8870,1.0
8871,1.0
8872,4.0
8873,3.0
8874,1.0
8875,7.0
8876,10.0
8877,1.0
8878,2.0
8879,2.0
8880,2.0
8881,1.0
8882,1.0
8883,30.0
8884,3.0
8885,7.0
8886,0
8887,9.0
8888,30.0
8889,3.0
8890,6.0
8891,4.0
8892,2.0
8893,16.0
8894,31.0
8895,3.0
8896,4.0
8897,7.0
8898,1.0
8899,3.0
8900,5.0
8901,6.0
8902,5.0
8903,2.0
8904,6.0
8905,2.0
8906,0
8907,4.0
8908,4.0
8909,9.0
8910,9.0
8911,5.0
8912,4.0
8913,25.0
8914,8.0
8915,2.0
8916,2.0
8917,8.0
8918,13.0
8919,4.0
8920,14.0
8921,4.0
8922,21.0
8923,4.0
8924,4.0
8925,6.0
8926,1.0
8927,5.0
8928,1.0
8929,3.0
8930,13.0
8931,6.0
8932,12.0
8933,4.0
8934,7.0
8935,1.0
8936,2.0
8937,3.0
8938,1.0
8939,2.0
8940,3.0
8941,5.0
8942,9.0
8943,3.0
8944,12.0
8945,4.0
8946,1.0
8947,2.0
8948,2.0
8949,3.0
8950,9.0
8951,5.0
8952,7.0
8953,19.0
8954,8.0
8955,1.0
8956,5.0
8957,6.0
8958,5.0
8959,3.0
8960,12.0
8961,7.0
8962,3.0
8963,11.0
8964,4.0
8965,1.0
8966,3.0
8967,20.0
8968,18.0
8969,1.0
8970,1.0
8971,9.0
8972,1.0
8973,14.0
8974,10.0
8975,8.0
8976,2.0
8977,2.0
8978,1.0
8979,16.0
8980,14.0
8981,12.0
8982,1.0
8983,1.0
8984,1.0
8985,3.0
8986,2.0
8987,23.0
8988,3.0
8989,13.0
8990,5.0
8991,16.0
8992,21.0
8993,12.0
8994,2.0
8995,10.0
8996,11.0
8997,3.0
8998,0
8999,6.0
9000,5.0
9001,17.0
9002,1.0
9003,2.0
9004,8.0
9005,7.0
9006,9.0
9007,7.0
9008,2.0
9009,8.0
9010,1.0
9011,2.0
9012,2.0
9013,18.0
9014,2.0
9015,14.0
9016,6.0
9017,2.0
9018,10.0
9019,7.0
9020,1.0
9021,3.0
9022,3.0
9023,12.0
9024,5.0
9025,1.0
9026,1.0
9027,20.0
9028,2.0
9029,3.0
9030,8.0
9031,2.0
9032,4.0
9033,1.0
9034,3.0
9035,8.0
9036,3.0
9037,1.0
9038,12.0
9039,9.0
9040,3.0
9041,8.0
9042,6.0
9043,18.0
9044,20.0
9045,2.0
9046,2.0
9047,9.0
9048,6.0
9049,2.0
9050,3.0
9051,16.0
9052,1.0
9053,11.0
9054,7.0
9055,2.0
9056,3.0
9057,3.0
9058,8.0
9059,5.0
9060,13.0
9061,7.0
9062,7.0
9063,0
9064,10.0
9065,8.0
9066,5.0
9067,9.0
9068,2.0
9069,1.0
9070,1.0
9071,7.0
9072,3.0
9073,6.0
9074,6.0
9075,3.0
9076,24.0
9077,1.0
9078,2.0
9079,8.0
9080,1.0
9081,0
9082,13.0
9083,13.0
9084,6.0
9085,12.0
9086,2.0
9087,3.0
9088,2.0
9089,2.0
9090,11.0
9091,4.0
9092,2.0
9093,7.0
9094,3.0
9095,4.0
9096,26.0
9097,4.0
9098,3.0
9099,9.0
9100,6.0
9101,3.0
9102,3.0
9103,5.0
9104,1.0
9105,2.0
9106,3.0
9107,10.0
9108,1.0
9109,13.0
9110,2.0
9111,8.0
9112,3.0
9113,0
9114,11.0
9115,11.0
9116,11.0
9117,7.0
9118,6.0
9119,1.0
9120,4.0
9121,6.0
9122,6.0
9123,2.0
9124,18.0
9125,9.0
9126,7.0
9127,21.0
9128,9.0
9129,21.0
9130,7.0
9131,7.0
9132,1.0
9133,1.0
9134,2.0
9135,14.0
9136,18.0
9137,4.0
9138,8.0
9139,7.0
9140,11.0
9141,4.0
9142,5.0
9143,27.0
9144,2.0
9145,11.0
9146,7.0
9147,12.0
9148,4.0
9149,4.0
9150,1.0
9151,5.0
9152,12.0
9153,3.0
9154,31.0
9155,3.0
9156,15.0
9157,5.0
9158,4.0
9159,4.0
9160,0
9161,15.0
9162,14.0
9163,1.0
9164,20.0
9165,6.0
9166,8.0
9167,3.0
9168,16.0
9169,1.0
9170,9.0
9171,13.0
9172,4.0
9173,3.0
9174,4.0
9175,1.0
9176,11.0
9177,5.0
9178,6.0
9179,2.0
9180,2.0
9181,1.0
9182,1.0
9183,6.0
9184,6.0
9185,9.0
9186,7.0
9187,1.0
9188,6.0
9189,6.0
9190,14.0
9191,5.0
9192,5.0
9193,13.0
9194,23.0
9195,8.0
9196,2.0
9197,9.0
9198,6.0
9199,6.0
9200,7.0
9201,4.0
9202,6.0
9203,4.0
9204,7.0
9205,10.0
9206,10.0
9207,4.0
9208,10.0
9209,3.0
9210,8.0
9211,9.0
9212,3.0
9213,8.0
9214,2.0
9215,1.0
9216,2.0
9217,1.0
9218,2.0
9219,31.0
9220,2.0
9221,8.0
9222,5.0
9223,3.0
9224,8.0
9225,1.0
9226,4.0
9227,3.0
9228,5.0
9229,13.0
9230,8.0
9231,4.0
9232,1.0
9233,5.0
9234,20.0
9235,5.0
9236,3.0
9237,1.0
9238,3.0
9239,6.0
9240,7.0
9241,32.0
9242,4.0
9243,1.0
9244,14.0
9245,6.0
9246,2.0
9247,4.0
9248,8.0
9249,18.0
9250,3.0
9251,4.0
9252,8.0
9253,8.0
9254,1.0
9255,1.0
9256,5.0
9257,11.0
9258,1.0
9259,10.0
9260,2.0
9261,2.0
9262,10.0
9263,6.0
9264,5.0
9265,3.0
9266,6.0
9267,4.0
9268,15.0
9269,6.0
9270,1.0
9271,9.0
9272,3.0
9273,2.0
9274,7.0
9275,1.0
9276,47.0
9277,9.0
9278,11.0
9279,11.0
9280,2.0
9281,12.0
9282,4.0
9283,0
9284,2.0
9285,5.0
9286,5.0
9287,2.0
9288,18.0
9289,2.0
9290,13.0
9291,7.0
9292,28.0
9293,2.0
9294,23.0
9295,4.0
9296,1.0
9297,10.0
9298,1.0
9299,1.0
9300,3.0
9301,9.0
9302,5.0
9303,2.0
9304,3.0
9305,1.0
9306,7.0
9307,7.0
9308,30.0
9309,12.0
9310,11.0
9311,3.0
9312,1.0
9313,3.0
9314,11.0
9315,2.0
9316,3.0
9317,5.0
9318,6.0
9319,7.0
9320,4.0
9321,2.0
9322,1.0
9323,4.0
9324,1.0
9325,2.0
9326,8.0
9327,5.0
9328,1.0
9329,23.0
9330,8.0
9331,13.0
9332,1.0
9333,4.0
9334,5.0
9335,15.0
9336,8.0
9337,1.0
9338,12.0
9339,1.0
9340,2.0
9341,6.0
9342,4.0
9343,8.0
9344,1.0
9345,17.0
9346,13.0
9347,13.0
9348,13.0
9349,29.0
9350,22.0
9351,10.0
9352,2.0
9353,3.0
9354,2.0
9355,19.0
9356,5.0
9357,6.0
9358,2.0
9359,2.0
9360,4.0
9361,30.0
9362,1.0
9363,1.0
9364,5.0
9365,11.0
9366,7.0
9367,8.0
9368,2.0
9369,6.0
9370,3.0
9371,2.0
9372,6.0
9373,6.0
9374,6.0
9375,5.0
9376,2.0
9377,8.0
9378,18.0
9379,19.0
9380,16.0
9381,7.0
9382,5.0
9383,5.0
9384,3.0
9385,2.0
9386,2.0
9387,5.0
9388,1.0
9389,2.0
9390,8.0
9391,7.0
9392,15.0
9393,9.0
9394,3.0
9395,2.0
9396,1.0
9397,36.0
9398,13.0
9399,9.0
9400,16.0
9401,4.0
9402,6.0
9403,2.0
9404,11.0
9405,18.0
9406,3.0
9407,3.0
9408,6.0
9409,5.0
9410,16.0
9411,4.0
9412,6.0
9413,10.0
9414,1.0
9415,3.0
9416,6.0
9417,4.0
9418,11.0
9419,5.0
9420,6.0
9421,9.0
9422,24.0
9423,1.0
9424,4.0
9425,3.0
9426,3.0
9427,16.0
9428,4.0
9429,48.0
9430,9.0
9431,4.0
9432,5.0
9433,12.0
9434,1.0
9435,8.0
9436,4.0
9437,7.0
9438,5.0
9439,3.0
9440,2.0
9441,19.0
9442,19.0
9443,4.0
9444,2.0
9445,2.0
9446,7.0
9447,3.0
9448,8.0
9449,2.0
9450,1.0
9451,4.0
9452,27.0
9453,9.0
9454,2.0
9455,1.0
9456,0
9457,11.0
9458,9.0
9459,21.0
9460,3.0
9461,13.0
9462,5.0
9463,1.0
9464,3.0
9465,2.0
9466,2.0
9467,1.0
9468,6.0
9469,6.0
9470,8.0
9471,1.0
9472,1.0
9473,7.0
9474,9.0
9475,3.0
9476,1.0
9477,17.0
9478,10.0
9479,4.0
9480,34.0
9481,4.0
9482,17.0
9483,8.0
9484,2.0
9485,2.0
9486,7.0
9487,4.0
9488,1.0
9489,1.0
9490,6.0
9491,9.0
9492,16.0
9493,1.0
9494,15.0
9495,10.0
9496,7.0
9497,6.0
9498,3.0
9499,2.0
9500,7.0
9501,1.0
9502,1.0
9503,7.0
9504,6.0
9505,1.0
9506,23.0
9507,7.0
9508,4.0
9509,6.0
9510,1.0
9511,2.0
9512,17.0
9513,2.0
9514,1.0
9515,7.0
9516,5.0
9517,2.0
9518,16.0
9519,3.0
9520,3.0
9521,1.0
9522,1.0
9523,7.0
9524,15.0
9525,7.0
9526,4.0
9527,1.0
9528,1.0
9529,4.0
9530,13.0
9531,8.0
9532,18.0
9533,2.0
9534,2.0
9535,6.0
9536,7.0
9537,10.0
9538,1.0
9539,1.0
9540,21.0
9541,6.0
9542,2.0
9543,4.0
9544,1.0
9545,27.0
9546,5.0
9547,28.0
9548,16.0
9549,6.0
9550,30.0
9551,1.0
9552,19.0
9553,4.0
9554,2.0
9555,7.0
9556,2.0
9557,16.0
9558,7.0
9559,0
9560,4.0
9561,8.0
9562,7.0
9563,5.0
9564,2.0
9565,2.0
9566,2.0
9567,8.0
9568,1.0
9569,0
9570,6.0
9571,5.0
9572,4.0
9573,16.0
9574,15.0
9575,2.0
9576,7.0
9577,7.0
9578,5.0
9579,6.0
9580,4.0
9581,2.0
9582,6.0
9583,5.0
9584,8.0
9585,25.0
9586,1.0
9587,15.0
9588,12.0
9589,1.0
9590,4.0
9591,6.0
9592,2.0
9593,5.0
9594,5.0
9595,2.0
9596,1.0
9597,12.0
9598,8.0
9599,10.0
9600,8.0
9601,5.0
9602,5.0
9603,19.0
9604,7.0
9605,1.0
9606,1.0
9607,8.0
9608,2.0
9609,18.0
9610,19.0
9611,4.0
9612,8.0
9613,14.0
9614,4.0
9615,5.0
9616,2.0
9617,2.0
9618,11.0
9619,2.0
9620,2.0
9621,2.0
9622,1.0
9623,5.0
9624,3.0
9625,6.0
9626,4.0
9627,2.0
9628,9.0
9629,3.0
9630,6.0
9631,10.0
9632,5.0
9633,7.0
9634,5.0
9635,18.0
9636,2.0
9637,0
9638,17.0
9639,6.0
9640,33.0
9641,4.0
9642,4.0
9643,10.0
9644,3.0
9645,3.0
9646,2.0
9647,1.0
9648,19.0
9649,12.0
9650,10.0
9651,8.0
9652,1.0
9653,1.0
9654,8.0
9655,6.0
9656,12.0
9657,6.0
9658,4.0
9659,7.0
9660,3.0
9661,4.0
9662,3.0
9663,0
9664,5.0
9665,5.0
9666,2.0
9667,24.0
9668,6.0
9669,5.0
9670,16.0
9671,8.0
9672,7.0
9673,2.0
9674,5.0
9675,11.0
9676,4.0
9677,9.0
9678,6.0
9679,6.0
9680,3.0
9681,11.0
9682,3.0
9683,15.0
9684,10.0
9685,1.0
9686,7.0
9687,0
9688,2.0
9689,7.0
9690,5.0
9691,5.0
9692,5.0
9693,1.0
9694,13.0
9695,13.0
9696,2.0
9697,3.0
9698,3.0
9699,4.0
9700,1.0
9701,9.0
9702,9.0
9703,10.0
9704,11.0
9705,9.0
9706,1.0
9707,5.0
9708,1.0
9709,16.0
9710,23.0
9711,3.0
9712,1.0
9713,24.0
9714,32.0
9715,2.0
9716,14.0
9717,5.0
9718,1.0
9719,2.0
9720,5.0
9721,9.0
9722,8.0
9723,2.0
9724,3.0
9725,6.0
9726,29.0
9727,3.0
9728,5.0
9729,2.0
9730,5.0
9731,7.0
9732,13.0
9733,11.0
9734,3.0
9735,3.0
9736,9.0
9737,16.0
9738,31.0
9739,0
9740,1.0
9741,2.0
9742,8.0
9743,0
9744,2.0
9745,5.0
9746,1.0
9747,1.0
9748,5.0
9749,8.0
9750,2.0
9751,13.0
9752,5.0
9753,3.0
9754,15.0
9755,3.0
9756,6.0
9757,7.0
9758,2.0
9759,8.0
9760,6.0
9761,2.0
9762,9.0
9763,11.0
9764,6.0
9765,22.0
9766,21.0
9767,5.0
9768,3.0
9769,43.0
9770,6.0
9771,1.0
9772,4.0
9773,6.0
9774,6.0
9775,4.0
9776,9.0
9777,1.0
9778,1.0
9779,2.0
9780,11.0
9781,1.0
9782,6.0
9783,33.0
9784,11.0
9785,2.0
9786,3.0
9787,2.0
9788,12.0
9789,0
9790,9.0
9791,3.0
9792,6.0
9793,22.0
9794,1.0
9795,19.0
9796,9.0
9797,19.0
9798,2.0
9799,18.0
9800,3.0
9801,11.0
9802,8.0
9803,2.0
9804,2.0
9805,19.0
9806,3.0
9807,5.0
9808,10.0
9809,1.0
9810,6.0
9811,10.0
9812,5.0
9813,4.0
9814,9.0
9815,8.0
9816,7.0
9817,7.0
9818,3.0
9819,6.0
9820,8.0
9821,1.0
9822,15.0
9823,6.0
9824,5.0
9825,6.0
9826,4.0
9827,1.0
9828,9.0
9829,4.0
9830,6.0
9831,14.0
9832,2.0
9833,10.0
9834,2.0
9835,5.0
9836,11.0
9837,11.0
9838,8.0
9839,18.0
9840,6.0
9841,1.0
9842,1.0
9843,22.0
9844,9.0
9845,14.0
9846,4.0
9847,0
9848,7.0
9849,2.0
9850,5.0
9851,20.0
9852,1.0
9853,8.0
9854,7.0
9855,3.0
9856,3.0
9857,17.0
9858,3.0
9859,9.0
9860,29.0
9861,3.0
9862,4.0
9863,1.0
9864,4.0
9865,2.0
9866,13.0
9867,7.0
9868,2.0
9869,2.0
9870,2.0
9871,5.0
9872,3.0
9873,12.0
9874,2.0
9875,7.0
9876,3.0
9877,7.0
9878,10.0
9879,4.0
9880,17.0
9881,4.0
9882,3.0
9883,1.0
9884,8.0
9885,7.0
9886,14.0
9887,8.0
9888,5.0
9889,4.0
9890,4.0
9891,8.0
9892,2.0
9893,9.0
9894,15.0
9895,9.0
9896,10.0
9897,2.0
9898,6.0
9899,5.0
9900,8.0
9901,11.0
9902,2.0
9903,9.0
9904,3.0
9905,17.0
9906,5.0
9907,9.0
9908,9.0
9909,8.0
9910,9.0
9911,6.0
9912,3.0
9913,6.0
9914,8.0
9915,12.0
9916,1.0
9917,8.0
9918,5.0
9919,5.0
9920,2.0
9921,0
9922,4.0
9923,2.0
9924,13.0
9925,1.0
9926,3.0
9927,4.0
9928,2.0
9929,0
9930,3.0
9931,12.0
9932,1.0
9933,4.0
9934,6.0
9935,6.0
9936,3.0
9937,5.0
9938,1.0
9939,1.0
9940,4.0
9941,1.0
9942,3.0
9943,17.0
9944,1.0
9945,15.0
9946,7.0
9947,6.0
9948,5.0
9949,3.0
9950,1.0
9951,27.0
9952,7.0
9953,1.0
9954,3.0
9955,2.0
9956,28.0
9957,6.0
9958,4.0
9959,12.0
9960,0
9961,1.0
9962,7.0
9963,4.0
9964,5.0
9965,2.0
9966,32.0
9967,6.0
9968,8.0
9969,16.0
9970,18.0
9971,1.0
9972,1.0
9973,1.0
9974,4.0
9975,11.0
9976,8.0
9977,6.0
9978,7.0
9979,20.0
9980,9.0
9981,7.0
9982,4.0
9983,3.0
9984,2.0
9985,13.0
9986,20.0
9987,10.0
9988,7.0
9989,4.0
9990,2.0
9991,2.0
9992,3.0
9993,4.0
9994,7.0
9995,2.0
9996,7.0
9997,3.0
9998,7.0
9999,3.0
